DateTime,58
01/01/1991 00:00:00,274.3
01/02/1991 00:00:00,266.1
01/03/1991 00:00:00,256.1
01/04/1991 00:00:00,238.1
01/05/1991 00:00:00,226.5
01/06/1991 00:00:00,234.5
01/07/1991 00:00:00,228.4
01/08/1991 00:00:00,204.9
01/09/1991 00:00:00,185.7
01/10/1991 00:00:00,154.4
01/11/1991 00:00:00,161.5
01/12/1991 00:00:00,165.9
01/13/1991 00:00:00,153.2
01/14/1991 00:00:00,135.4
01/15/1991 00:00:00,122.2
01/16/1991 00:00:00,123.3
01/17/1991 00:00:00,131
01/18/1991 00:00:00,132.2
01/19/1991 00:00:00,131.2
01/20/1991 00:00:00,129.4
01/21/1991 00:00:00,122.8
01/22/1991 00:00:00,101.3
01/23/1991 00:00:00,104.7
01/24/1991 00:00:00,111.4
01/25/1991 00:00:00,102.8
01/26/1991 00:00:00,76.68
01/27/1991 00:00:00,66.35
01/28/1991 00:00:00,49.33
01/29/1991 00:00:00,53.91
01/30/1991 00:00:00,62.74
01/31/1991 00:00:00,56.93
02/01/1991 00:00:00,50.59
02/02/1991 00:00:00,31.72
02/03/1991 00:00:00,31.94
02/04/1991 00:00:00,30.82
02/05/1991 00:00:00,24.8
02/06/1991 00:00:00,27.33
02/07/1991 00:00:00,25.93
02/08/1991 00:00:00,24.14
02/09/1991 00:00:00,19.28
02/10/1991 00:00:00,21.09
02/11/1991 00:00:00,24.03
02/12/1991 00:00:00,17.31
02/13/1991 00:00:00,18.44
02/14/1991 00:00:00,18.63
02/15/1991 00:00:00,18.58
02/16/1991 00:00:00,17.66
02/17/1991 00:00:00,18.38
02/18/1991 00:00:00,18.43
02/19/1991 00:00:00,17.82
02/20/1991 00:00:00,16.48
02/21/1991 00:00:00,16.65
02/22/1991 00:00:00,16.58
02/23/1991 00:00:00,17.11
02/24/1991 00:00:00,16.52
02/25/1991 00:00:00,17.42
02/26/1991 00:00:00,16.41
02/27/1991 00:00:00,16.13
02/28/1991 00:00:00,15.64
03/01/1991 00:00:00,14.13
03/02/1991 00:00:00,13.48
03/03/1991 00:00:00,13.61
03/04/1991 00:00:00,13.58
03/05/1991 00:00:00,13.32
03/06/1991 00:00:00,14.28
03/07/1991 00:00:00,14.35
03/08/1991 00:00:00,13.35
03/09/1991 00:00:00,13.01
03/10/1991 00:00:00,11.77
03/11/1991 00:00:00,12.58
03/12/1991 00:00:00,11.8
03/13/1991 00:00:00,12.99
03/14/1991 00:00:00,10.78
03/15/1991 00:00:00,12.84
03/16/1991 00:00:00,14.05
03/17/1991 00:00:00,11.04
03/18/1991 00:00:00,11.26
03/19/1991 00:00:00,9.93
03/20/1991 00:00:00,11.44
03/21/1991 00:00:00,11.22
03/22/1991 00:00:00,10.53
03/23/1991 00:00:00,10.65
03/24/1991 00:00:00,9.702
03/25/1991 00:00:00,9.851
03/26/1991 00:00:00,7.648
03/27/1991 00:00:00,9.069
03/28/1991 00:00:00,9.373
03/29/1991 00:00:00,9.144
03/30/1991 00:00:00,8.682
03/31/1991 00:00:00,10.13
04/01/1991 00:00:00,8.801
04/02/1991 00:00:00,10.73
04/03/1991 00:00:00,7.841
04/04/1991 00:00:00,8.941
04/05/1991 00:00:00,7.951
04/06/1991 00:00:00,8.928
04/07/1991 00:00:00,10.75
04/08/1991 00:00:00,10.3
04/09/1991 00:00:00,8.366
04/10/1991 00:00:00,6.944
04/11/1991 00:00:00,7.768
04/12/1991 00:00:00,7.028
04/13/1991 00:00:00,8.439
04/14/1991 00:00:00,9.123
04/15/1991 00:00:00,7.056
04/16/1991 00:00:00,7.746
04/17/1991 00:00:00,7.07
04/18/1991 00:00:00,5.942
04/19/1991 00:00:00,6.114
04/20/1991 00:00:00,5.898
04/21/1991 00:00:00,6.14
04/22/1991 00:00:00,6.508
04/23/1991 00:00:00,7.329
04/24/1991 00:00:00,6.282
04/25/1991 00:00:00,5.475
04/26/1991 00:00:00,6.226
04/27/1991 00:00:00,6.412
04/28/1991 00:00:00,6.823
04/29/1991 00:00:00,5.278
04/30/1991 00:00:00,4.651
05/01/1991 00:00:00,5.271
05/02/1991 00:00:00,6.535
05/03/1991 00:00:00,4.644
05/04/1991 00:00:00,4.186
05/05/1991 00:00:00,3.945
05/06/1991 00:00:00,6.057
05/07/1991 00:00:00,6.1
05/08/1991 00:00:00,5.974
05/09/1991 00:00:00,4.577
05/10/1991 00:00:00,4.598
05/11/1991 00:00:00,4.164
05/12/1991 00:00:00,4.104
05/13/1991 00:00:00,4.818
05/14/1991 00:00:00,5.668
05/15/1991 00:00:00,4.345
05/16/1991 00:00:00,7.814
05/17/1991 00:00:00,7.372
05/18/1991 00:00:00,6.476
05/19/1991 00:00:00,6.352
05/20/1991 00:00:00,6.343
05/21/1991 00:00:00,7.211
05/22/1991 00:00:00,5.654
05/23/1991 00:00:00,4.963
05/24/1991 00:00:00,5.244
05/25/1991 00:00:00,4.586
05/26/1991 00:00:00,4.232
05/27/1991 00:00:00,4.339
05/28/1991 00:00:00,5.409
05/29/1991 00:00:00,5.352
05/30/1991 00:00:00,4.932
05/31/1991 00:00:00,5.322
06/01/1991 00:00:00,4.682
06/02/1991 00:00:00,46.21
06/03/1991 00:00:00,30.8
06/04/1991 00:00:00,64.23
06/05/1991 00:00:00,214.9
06/06/1991 00:00:00,215.5
06/07/1991 00:00:00,471.1
06/08/1991 00:00:00,509.1
06/09/1991 00:00:00,280.9
06/10/1991 00:00:00,166.8
06/11/1991 00:00:00,114.7
06/12/1991 00:00:00,613.2
06/13/1991 00:00:00,168.5
06/14/1991 00:00:00,122.3
06/15/1991 00:00:00,196.5
06/16/1991 00:00:00,136.4
06/17/1991 00:00:00,263.1
06/18/1991 00:00:00,227.1
06/19/1991 00:00:00,230.9
06/20/1991 00:00:00,146.6
06/21/1991 00:00:00,98.17
06/22/1991 00:00:00,79.66
06/23/1991 00:00:00,61.83
06/24/1991 00:00:00,56.38
06/25/1991 00:00:00,104.2
06/26/1991 00:00:00,168.5
06/27/1991 00:00:00,144.3
06/28/1991 00:00:00,135.4
06/29/1991 00:00:00,167.2
06/30/1991 00:00:00,119
07/01/1991 00:00:00,117.1
07/02/1991 00:00:00,126.3
07/03/1991 00:00:00,426.3
07/04/1991 00:00:00,427.3
07/05/1991 00:00:00,1218
07/06/1991 00:00:00,4721
07/07/1991 00:00:00,2762
07/08/1991 00:00:00,1949
07/09/1991 00:00:00,1342
07/10/1991 00:00:00,1002
07/11/1991 00:00:00,816.3
07/12/1991 00:00:00,718.8
07/13/1991 00:00:00,717.3
07/14/1991 00:00:00,691.4
07/15/1991 00:00:00,670.3
07/16/1991 00:00:00,687.1
07/17/1991 00:00:00,974.9
07/18/1991 00:00:00,953.3
07/19/1991 00:00:00,855.6
07/20/1991 00:00:00,893.5
07/21/1991 00:00:00,835.6
07/22/1991 00:00:00,809.7
07/23/1991 00:00:00,803.6
07/24/1991 00:00:00,804.2
07/25/1991 00:00:00,804.3
07/26/1991 00:00:00,806.6
07/27/1991 00:00:00,811
07/28/1991 00:00:00,816.1
07/29/1991 00:00:00,814.8
07/30/1991 00:00:00,816.6
07/31/1991 00:00:00,818
08/01/1991 00:00:00,818.3
08/02/1991 00:00:00,817.3
08/03/1991 00:00:00,813.6
08/04/1991 00:00:00,811.3
08/05/1991 00:00:00,809.2
08/06/1991 00:00:00,872.5
08/07/1991 00:00:00,844
08/08/1991 00:00:00,825.1
08/09/1991 00:00:00,816.2
08/10/1991 00:00:00,804
08/11/1991 00:00:00,792.9
08/12/1991 00:00:00,792.2
08/13/1991 00:00:00,783.5
08/14/1991 00:00:00,938.4
08/15/1991 00:00:00,935.5
08/16/1991 00:00:00,877.4
08/17/1991 00:00:00,1011
08/18/1991 00:00:00,1214
08/19/1991 00:00:00,1038
08/20/1991 00:00:00,950.3
08/21/1991 00:00:00,892.9
08/22/1991 00:00:00,860.1
08/23/1991 00:00:00,838.2
08/24/1991 00:00:00,820.7
08/25/1991 00:00:00,808.1
08/26/1991 00:00:00,807.8
08/27/1991 00:00:00,935.4
08/28/1991 00:00:00,992.7
08/29/1991 00:00:00,912.4
08/30/1991 00:00:00,871.2
08/31/1991 00:00:00,845.3
09/01/1991 00:00:00,827.1
09/02/1991 00:00:00,817
09/03/1991 00:00:00,809.4
09/04/1991 00:00:00,805.6
09/05/1991 00:00:00,796
09/06/1991 00:00:00,788.3
09/07/1991 00:00:00,784.2
09/08/1991 00:00:00,755.4
09/09/1991 00:00:00,740.9
09/10/1991 00:00:00,787.1
09/11/1991 00:00:00,806.4
09/12/1991 00:00:00,1422
09/13/1991 00:00:00,1485
09/14/1991 00:00:00,1178
09/15/1991 00:00:00,1015
09/16/1991 00:00:00,924.1
09/17/1991 00:00:00,866.4
09/18/1991 00:00:00,835.8
09/19/1991 00:00:00,816.2
09/20/1991 00:00:00,804.5
09/21/1991 00:00:00,793.8
09/22/1991 00:00:00,787.7
09/23/1991 00:00:00,780.8
09/24/1991 00:00:00,776.3
09/25/1991 00:00:00,769
09/26/1991 00:00:00,766.2
09/27/1991 00:00:00,778.6
09/28/1991 00:00:00,769.6
09/29/1991 00:00:00,784.6
09/30/1991 00:00:00,748
10/01/1991 00:00:00,730.7
10/02/1991 00:00:00,709
10/03/1991 00:00:00,640.7
10/04/1991 00:00:00,626.1
10/05/1991 00:00:00,609
10/06/1991 00:00:00,578.9
10/07/1991 00:00:00,555.7
10/08/1991 00:00:00,564.4
10/09/1991 00:00:00,583.6
10/10/1991 00:00:00,597.7
10/11/1991 00:00:00,625.8
10/12/1991 00:00:00,615.8
10/13/1991 00:00:00,597.8
10/14/1991 00:00:00,626.9
10/15/1991 00:00:00,644
10/16/1991 00:00:00,634.8
10/17/1991 00:00:00,626.2
10/18/1991 00:00:00,616.9
10/19/1991 00:00:00,627.6
10/20/1991 00:00:00,623.5
10/21/1991 00:00:00,609.3
10/22/1991 00:00:00,596.2
10/23/1991 00:00:00,590.5
10/24/1991 00:00:00,666.1
10/25/1991 00:00:00,767.5
10/26/1991 00:00:00,697.7
10/27/1991 00:00:00,659.8
10/28/1991 00:00:00,690
10/29/1991 00:00:00,705.6
10/30/1991 00:00:00,730.6
10/31/1991 00:00:00,706
11/01/1991 00:00:00,684.1
11/02/1991 00:00:00,680.3
11/03/1991 00:00:00,686.8
11/04/1991 00:00:00,677.9
11/05/1991 00:00:00,674
11/06/1991 00:00:00,676.6
11/07/1991 00:00:00,728.4
11/08/1991 00:00:00,731.5
11/09/1991 00:00:00,727.4
11/10/1991 00:00:00,753.6
11/11/1991 00:00:00,724.3
11/12/1991 00:00:00,704.9
11/13/1991 00:00:00,686.1
11/14/1991 00:00:00,677.2
11/15/1991 00:00:00,682.6
11/16/1991 00:00:00,669.3
11/17/1991 00:00:00,833.4
11/18/1991 00:00:00,771
11/19/1991 00:00:00,727.6
11/20/1991 00:00:00,687.9
11/21/1991 00:00:00,670.4
11/22/1991 00:00:00,648.8
11/23/1991 00:00:00,625.8
11/24/1991 00:00:00,608.5
11/25/1991 00:00:00,602.2
11/26/1991 00:00:00,568.4
11/27/1991 00:00:00,544.2
11/28/1991 00:00:00,524.9
11/29/1991 00:00:00,488.2
11/30/1991 00:00:00,472.5
12/01/1991 00:00:00,461.2
12/02/1991 00:00:00,424.8
12/03/1991 00:00:00,426.8
12/04/1991 00:00:00,407.4
12/05/1991 00:00:00,386.9
12/06/1991 00:00:00,356.5
12/07/1991 00:00:00,358.2
12/08/1991 00:00:00,361.3
12/09/1991 00:00:00,354.1
12/10/1991 00:00:00,357.6
12/11/1991 00:00:00,338.5
12/12/1991 00:00:00,312.7
12/13/1991 00:00:00,268.9
12/14/1991 00:00:00,271.9
12/15/1991 00:00:00,272.7
12/16/1991 00:00:00,262.1
12/17/1991 00:00:00,264.1
12/18/1991 00:00:00,234.2
12/19/1991 00:00:00,238.6
12/20/1991 00:00:00,223.8
12/21/1991 00:00:00,226.1
12/22/1991 00:00:00,214.2
12/23/1991 00:00:00,195.5
12/24/1991 00:00:00,182.3
12/25/1991 00:00:00,184.8
12/26/1991 00:00:00,186.4
12/27/1991 00:00:00,187.2
12/28/1991 00:00:00,186.1
12/29/1991 00:00:00,184.8
12/30/1991 00:00:00,183.9
12/31/1991 00:00:00,149.9
01/01/1992 00:00:00,148.4
01/02/1992 00:00:00,111.1
01/03/1992 00:00:00,107.7
01/04/1992 00:00:00,90.61
01/05/1992 00:00:00,102
01/06/1992 00:00:00,108.4
01/07/1992 00:00:00,101.1
01/08/1992 00:00:00,90.98
01/09/1992 00:00:00,75.03
01/10/1992 00:00:00,63.22
01/11/1992 00:00:00,78.42
01/12/1992 00:00:00,67.21
01/13/1992 00:00:00,64.85
01/14/1992 00:00:00,48.85
01/15/1992 00:00:00,50.3
01/16/1992 00:00:00,51.72
01/17/1992 00:00:00,48.99
01/18/1992 00:00:00,51.94
01/19/1992 00:00:00,47.01
01/20/1992 00:00:00,38.76
01/21/1992 00:00:00,28.79
01/22/1992 00:00:00,29.91
01/23/1992 00:00:00,23.28
01/24/1992 00:00:00,22.78
01/25/1992 00:00:00,27.87
01/26/1992 00:00:00,22.69
01/27/1992 00:00:00,26.09
01/28/1992 00:00:00,23.32
01/29/1992 00:00:00,19.91
01/30/1992 00:00:00,19.79
01/31/1992 00:00:00,20.07
02/01/1992 00:00:00,17.36
02/02/1992 00:00:00,19.24
02/03/1992 00:00:00,18.11
02/04/1992 00:00:00,18.69
02/05/1992 00:00:00,16.52
02/06/1992 00:00:00,18.29
02/07/1992 00:00:00,17.17
02/08/1992 00:00:00,16.37
02/09/1992 00:00:00,16.4
02/10/1992 00:00:00,14.79
02/11/1992 00:00:00,16.73
02/12/1992 00:00:00,15.85
02/13/1992 00:00:00,14.8
02/14/1992 00:00:00,16.21
02/15/1992 00:00:00,15.18
02/16/1992 00:00:00,15.9
02/17/1992 00:00:00,15.36
02/18/1992 00:00:00,14.57
02/19/1992 00:00:00,15.51
02/20/1992 00:00:00,13.76
02/21/1992 00:00:00,13.89
02/22/1992 00:00:00,13.92
02/23/1992 00:00:00,14.16
02/24/1992 00:00:00,1003
02/25/1992 00:00:00,513.8
02/26/1992 00:00:00,277.1
02/27/1992 00:00:00,165.9
02/28/1992 00:00:00,100
02/29/1992 00:00:00,66.58
03/01/1992 00:00:00,54.7
03/02/1992 00:00:00,50.43
03/03/1992 00:00:00,46.51
03/04/1992 00:00:00,48.02
03/05/1992 00:00:00,51.71
03/06/1992 00:00:00,57.48
03/07/1992 00:00:00,64.83
03/08/1992 00:00:00,71.87
03/09/1992 00:00:00,75.52
03/10/1992 00:00:00,81.56
03/11/1992 00:00:00,86.06
03/12/1992 00:00:00,88.09
03/13/1992 00:00:00,82.65
03/14/1992 00:00:00,47.31
03/15/1992 00:00:00,35.77
03/16/1992 00:00:00,28.15
03/17/1992 00:00:00,34.77
03/18/1992 00:00:00,41.82
03/19/1992 00:00:00,40.8
03/20/1992 00:00:00,31.94
03/21/1992 00:00:00,14.53
03/22/1992 00:00:00,15.04
03/23/1992 00:00:00,12.33
03/24/1992 00:00:00,13.51
03/25/1992 00:00:00,15.31
03/26/1992 00:00:00,14.39
03/27/1992 00:00:00,9.632
03/28/1992 00:00:00,11.34
03/29/1992 00:00:00,10.3
03/30/1992 00:00:00,9.769
03/31/1992 00:00:00,9.373
04/01/1992 00:00:00,9.577
04/02/1992 00:00:00,10.66
04/03/1992 00:00:00,11.21
04/04/1992 00:00:00,12.06
04/05/1992 00:00:00,10.88
04/06/1992 00:00:00,11.81
04/07/1992 00:00:00,9.95
04/08/1992 00:00:00,13.43
04/09/1992 00:00:00,33.39
04/10/1992 00:00:00,30.85
04/11/1992 00:00:00,96.17
04/12/1992 00:00:00,61.73
04/13/1992 00:00:00,61.37
04/14/1992 00:00:00,60.32
04/15/1992 00:00:00,63.69
04/16/1992 00:00:00,67.36
04/17/1992 00:00:00,72.45
04/18/1992 00:00:00,192.7
04/19/1992 00:00:00,141.2
04/20/1992 00:00:00,122.6
04/21/1992 00:00:00,122.7
04/22/1992 00:00:00,191.2
04/23/1992 00:00:00,168.9
04/24/1992 00:00:00,168.4
04/25/1992 00:00:00,171
04/26/1992 00:00:00,178.9
04/27/1992 00:00:00,183
04/28/1992 00:00:00,188.6
04/29/1992 00:00:00,195.9
04/30/1992 00:00:00,201.9
05/01/1992 00:00:00,209.8
05/02/1992 00:00:00,213.4
05/03/1992 00:00:00,213.9
05/04/1992 00:00:00,218.4
05/05/1992 00:00:00,218.8
05/06/1992 00:00:00,223.3
05/07/1992 00:00:00,227.3
05/08/1992 00:00:00,224.4
05/09/1992 00:00:00,225
05/10/1992 00:00:00,225.6
05/11/1992 00:00:00,224.4
05/12/1992 00:00:00,217.7
05/13/1992 00:00:00,218.4
05/14/1992 00:00:00,206.1
05/15/1992 00:00:00,213.9
05/16/1992 00:00:00,190.9
05/17/1992 00:00:00,152.3
05/18/1992 00:00:00,173.3
05/19/1992 00:00:00,2046
05/20/1992 00:00:00,1223
05/21/1992 00:00:00,812.3
05/22/1992 00:00:00,593.4
05/23/1992 00:00:00,473.1
05/24/1992 00:00:00,411.9
05/25/1992 00:00:00,377.6
05/26/1992 00:00:00,356.9
05/27/1992 00:00:00,344.6
05/28/1992 00:00:00,343.3
05/29/1992 00:00:00,341.8
05/30/1992 00:00:00,339
05/31/1992 00:00:00,354.1
06/01/1992 00:00:00,357.1
06/02/1992 00:00:00,361.4
06/03/1992 00:00:00,1060
06/04/1992 00:00:00,815.1
06/05/1992 00:00:00,737.7
06/06/1992 00:00:00,704.2
06/07/1992 00:00:00,696.7
06/08/1992 00:00:00,613.5
06/09/1992 00:00:00,574.9
06/10/1992 00:00:00,552.3
06/11/1992 00:00:00,543.8
06/12/1992 00:00:00,542.5
06/13/1992 00:00:00,540.6
06/14/1992 00:00:00,545.2
06/15/1992 00:00:00,574.8
06/16/1992 00:00:00,589.3
06/17/1992 00:00:00,578
06/18/1992 00:00:00,570
06/19/1992 00:00:00,568
06/20/1992 00:00:00,570.6
06/21/1992 00:00:00,565.2
06/22/1992 00:00:00,597.3
06/23/1992 00:00:00,620.6
06/24/1992 00:00:00,613.9
06/25/1992 00:00:00,605.7
06/26/1992 00:00:00,593.7
06/27/1992 00:00:00,600.6
06/28/1992 00:00:00,593.7
06/29/1992 00:00:00,584.9
06/30/1992 00:00:00,607.6
07/01/1992 00:00:00,578.7
07/02/1992 00:00:00,916.1
07/03/1992 00:00:00,2573
07/04/1992 00:00:00,1712
07/05/1992 00:00:00,1260
07/06/1992 00:00:00,1016
07/07/1992 00:00:00,880.6
07/08/1992 00:00:00,806.7
07/09/1992 00:00:00,766.1
07/10/1992 00:00:00,742
07/11/1992 00:00:00,725.8
07/12/1992 00:00:00,721.7
07/13/1992 00:00:00,721.3
07/14/1992 00:00:00,717.5
07/15/1992 00:00:00,714.7
07/16/1992 00:00:00,713.8
07/17/1992 00:00:00,712.6
07/18/1992 00:00:00,852.1
07/19/1992 00:00:00,795.1
07/20/1992 00:00:00,950.9
07/21/1992 00:00:00,913.5
07/22/1992 00:00:00,843.8
07/23/1992 00:00:00,807
07/24/1992 00:00:00,782.8
07/25/1992 00:00:00,770.1
07/26/1992 00:00:00,765.2
07/27/1992 00:00:00,759.5
07/28/1992 00:00:00,755.2
07/29/1992 00:00:00,752.8
07/30/1992 00:00:00,755.1
07/31/1992 00:00:00,926.4
08/01/1992 00:00:00,844.9
08/02/1992 00:00:00,844.9
08/03/1992 00:00:00,1577
08/04/1992 00:00:00,2740
08/05/1992 00:00:00,1868
08/06/1992 00:00:00,1436
08/07/1992 00:00:00,1211
08/08/1992 00:00:00,1106
08/09/1992 00:00:00,1017
08/10/1992 00:00:00,1031
08/11/1992 00:00:00,1031
08/12/1992 00:00:00,1585
08/13/1992 00:00:00,1468
08/14/1992 00:00:00,1920
08/15/1992 00:00:00,1579
08/16/1992 00:00:00,1335
08/17/1992 00:00:00,1430
08/18/1992 00:00:00,2838
08/19/1992 00:00:00,2102
08/20/1992 00:00:00,1763
08/21/1992 00:00:00,1499
08/22/1992 00:00:00,1406
08/23/1992 00:00:00,1389
08/24/1992 00:00:00,1598
08/25/1992 00:00:00,1430
08/26/1992 00:00:00,1515
08/27/1992 00:00:00,1389
08/28/1992 00:00:00,1407
08/29/1992 00:00:00,1358
08/30/1992 00:00:00,1523
08/31/1992 00:00:00,1411
09/01/1992 00:00:00,1351
09/02/1992 00:00:00,1318
09/03/1992 00:00:00,1299
09/04/1992 00:00:00,1289
09/05/1992 00:00:00,1280
09/06/1992 00:00:00,1474
09/07/1992 00:00:00,1381
09/08/1992 00:00:00,1364
09/09/1992 00:00:00,1325
09/10/1992 00:00:00,1301
09/11/1992 00:00:00,1282
09/12/1992 00:00:00,1265
09/13/1992 00:00:00,1251
09/14/1992 00:00:00,1243
09/15/1992 00:00:00,1282
09/16/1992 00:00:00,1341
09/17/1992 00:00:00,1351
09/18/1992 00:00:00,2303
09/19/1992 00:00:00,1825
09/20/1992 00:00:00,1608
09/21/1992 00:00:00,1463
09/22/1992 00:00:00,1610
09/23/1992 00:00:00,1540
09/24/1992 00:00:00,1760
09/25/1992 00:00:00,1577
09/26/1992 00:00:00,1447
09/27/1992 00:00:00,1387
09/28/1992 00:00:00,1371
09/29/1992 00:00:00,1328
09/30/1992 00:00:00,1302
10/01/1992 00:00:00,1287
10/02/1992 00:00:00,1279
10/03/1992 00:00:00,1340
10/04/1992 00:00:00,1314
10/05/1992 00:00:00,1387
10/06/1992 00:00:00,1399
10/07/1992 00:00:00,1379
10/08/1992 00:00:00,1334
10/09/1992 00:00:00,1478
10/10/1992 00:00:00,2425
10/11/1992 00:00:00,1964
10/12/1992 00:00:00,1734
10/13/1992 00:00:00,1540
10/14/1992 00:00:00,1429
10/15/1992 00:00:00,1365
10/16/1992 00:00:00,1323
10/17/1992 00:00:00,1323
10/18/1992 00:00:00,1329
10/19/1992 00:00:00,1270
10/20/1992 00:00:00,1242
10/21/1992 00:00:00,1224
10/22/1992 00:00:00,1202
10/23/1992 00:00:00,1177
10/24/1992 00:00:00,1143
10/25/1992 00:00:00,1112
10/26/1992 00:00:00,1066
10/27/1992 00:00:00,987.4
10/28/1992 00:00:00,942
10/29/1992 00:00:00,906
10/30/1992 00:00:00,843.9
10/31/1992 00:00:00,760.6
11/01/1992 00:00:00,747.1
11/02/1992 00:00:00,733.4
11/03/1992 00:00:00,725.6
11/04/1992 00:00:00,684.7
11/05/1992 00:00:00,663.7
11/06/1992 00:00:00,670.2
11/07/1992 00:00:00,653.7
11/08/1992 00:00:00,632.6
11/09/1992 00:00:00,591
11/10/1992 00:00:00,554.7
11/11/1992 00:00:00,537.2
11/12/1992 00:00:00,526.8
11/13/1992 00:00:00,517.4
11/14/1992 00:00:00,506.5
11/15/1992 00:00:00,491.7
11/16/1992 00:00:00,465.8
11/17/1992 00:00:00,440.3
11/18/1992 00:00:00,442.5
11/19/1992 00:00:00,445.8
11/20/1992 00:00:00,432.8
11/21/1992 00:00:00,433
11/22/1992 00:00:00,466.7
11/23/1992 00:00:00,454.2
11/24/1992 00:00:00,423.8
11/25/1992 00:00:00,408.7
11/26/1992 00:00:00,412.1
11/27/1992 00:00:00,413.8
11/28/1992 00:00:00,413.7
11/29/1992 00:00:00,398.1
11/30/1992 00:00:00,393.5
12/01/1992 00:00:00,392.1
12/02/1992 00:00:00,371.2
12/03/1992 00:00:00,357.1
12/04/1992 00:00:00,338.5
12/05/1992 00:00:00,320.3
12/06/1992 00:00:00,317.3
12/07/1992 00:00:00,306.4
12/08/1992 00:00:00,300.4
12/09/1992 00:00:00,284.6
12/10/1992 00:00:00,278.2
12/11/1992 00:00:00,268.8
12/12/1992 00:00:00,268.6
12/13/1992 00:00:00,274.5
12/14/1992 00:00:00,259.2
12/15/1992 00:00:00,201.6
12/16/1992 00:00:00,206.6
12/17/1992 00:00:00,210.3
12/18/1992 00:00:00,214.2
12/19/1992 00:00:00,198.8
12/20/1992 00:00:00,186.1
12/21/1992 00:00:00,185.7
12/22/1992 00:00:00,180.4
12/23/1992 00:00:00,186
12/24/1992 00:00:00,181.7
12/25/1992 00:00:00,165.9
12/26/1992 00:00:00,148.6
12/27/1992 00:00:00,139.4
12/28/1992 00:00:00,140.8
12/29/1992 00:00:00,119.7
12/30/1992 00:00:00,115.5
12/31/1992 00:00:00,119
01/01/1993 00:00:00,109
01/02/1993 00:00:00,112.6
01/03/1993 00:00:00,106.6
01/04/1993 00:00:00,109
01/05/1993 00:00:00,104.2
01/06/1993 00:00:00,99.15
01/07/1993 00:00:00,81.55
01/08/1993 00:00:00,90.51
01/09/1993 00:00:00,84.67
01/10/1993 00:00:00,86.07
01/11/1993 00:00:00,75.45
01/12/1993 00:00:00,67.91
01/13/1993 00:00:00,65.38
01/14/1993 00:00:00,63.57
01/15/1993 00:00:00,62.02
01/16/1993 00:00:00,66.81
01/17/1993 00:00:00,64.26
01/18/1993 00:00:00,49.44
01/19/1993 00:00:00,48.85
01/20/1993 00:00:00,44.62
01/21/1993 00:00:00,48.39
01/22/1993 00:00:00,39.7
01/23/1993 00:00:00,38.1
01/24/1993 00:00:00,33.64
01/25/1993 00:00:00,36.93
01/26/1993 00:00:00,38.53
01/27/1993 00:00:00,38.93
01/28/1993 00:00:00,40.54
01/29/1993 00:00:00,31.12
01/30/1993 00:00:00,24.9
01/31/1993 00:00:00,26.65
02/01/1993 00:00:00,27.72
02/02/1993 00:00:00,25.22
02/03/1993 00:00:00,23.63
02/04/1993 00:00:00,22.93
02/05/1993 00:00:00,23.8
02/06/1993 00:00:00,22.14
02/07/1993 00:00:00,23.1
02/08/1993 00:00:00,22.34
02/09/1993 00:00:00,22.03
02/10/1993 00:00:00,22.92
02/11/1993 00:00:00,20.88
02/12/1993 00:00:00,21.67
02/13/1993 00:00:00,20.75
02/14/1993 00:00:00,20.26
02/15/1993 00:00:00,20.88
02/16/1993 00:00:00,21.24
02/17/1993 00:00:00,20.71
02/18/1993 00:00:00,20.02
02/19/1993 00:00:00,20.67
02/20/1993 00:00:00,20.12
02/21/1993 00:00:00,20.36
02/22/1993 00:00:00,20.75
02/23/1993 00:00:00,18.77
02/24/1993 00:00:00,18.38
02/25/1993 00:00:00,20.33
02/26/1993 00:00:00,18.46
02/27/1993 00:00:00,161.8
02/28/1993 00:00:00,85.23
03/01/1993 00:00:00,57.39
03/02/1993 00:00:00,42.84
03/03/1993 00:00:00,32.09
03/04/1993 00:00:00,26.46
03/05/1993 00:00:00,22.77
03/06/1993 00:00:00,18.66
03/07/1993 00:00:00,19.06
03/08/1993 00:00:00,18.02
03/09/1993 00:00:00,16.98
03/10/1993 00:00:00,17.1
03/11/1993 00:00:00,16.7
03/12/1993 00:00:00,15.95
03/13/1993 00:00:00,15.9
03/14/1993 00:00:00,15.5
03/15/1993 00:00:00,16.02
03/16/1993 00:00:00,15.97
03/17/1993 00:00:00,16.87
03/18/1993 00:00:00,17.6
03/19/1993 00:00:00,27.47
03/20/1993 00:00:00,30
03/21/1993 00:00:00,25.35
03/22/1993 00:00:00,22.11
03/23/1993 00:00:00,18.17
03/24/1993 00:00:00,14.38
03/25/1993 00:00:00,17.09
03/26/1993 00:00:00,23.97
03/27/1993 00:00:00,49.66
03/28/1993 00:00:00,26.37
03/29/1993 00:00:00,50.81
03/30/1993 00:00:00,31.11
03/31/1993 00:00:00,28.85
04/01/1993 00:00:00,26.09
04/02/1993 00:00:00,24.08
04/03/1993 00:00:00,26.09
04/04/1993 00:00:00,24.83
04/05/1993 00:00:00,23.47
04/06/1993 00:00:00,23.96
04/07/1993 00:00:00,23.67
04/08/1993 00:00:00,22.46
04/09/1993 00:00:00,25.18
04/10/1993 00:00:00,25.13
04/11/1993 00:00:00,25.48
04/12/1993 00:00:00,26.45
04/13/1993 00:00:00,52.62
04/14/1993 00:00:00,847.5
04/15/1993 00:00:00,436.6
04/16/1993 00:00:00,249.7
04/17/1993 00:00:00,176.7
04/18/1993 00:00:00,100.5
04/19/1993 00:00:00,85.18
04/20/1993 00:00:00,65.1
04/21/1993 00:00:00,64.7
04/22/1993 00:00:00,56.22
04/23/1993 00:00:00,52.47
04/24/1993 00:00:00,56.13
04/25/1993 00:00:00,48.63
04/26/1993 00:00:00,57.25
04/27/1993 00:00:00,54.76
04/28/1993 00:00:00,59.83
04/29/1993 00:00:00,57.16
04/30/1993 00:00:00,59.74
05/01/1993 00:00:00,58.72
05/02/1993 00:00:00,61.51
05/03/1993 00:00:00,66.55
05/04/1993 00:00:00,320.1
05/05/1993 00:00:00,211.9
05/06/1993 00:00:00,164.5
05/07/1993 00:00:00,157.1
05/08/1993 00:00:00,214.3
05/09/1993 00:00:00,181.6
05/10/1993 00:00:00,171.9
05/11/1993 00:00:00,163.5
05/12/1993 00:00:00,164.8
05/13/1993 00:00:00,181.1
05/14/1993 00:00:00,181.5
05/15/1993 00:00:00,184.8
05/16/1993 00:00:00,194.1
05/17/1993 00:00:00,205.9
05/18/1993 00:00:00,209.1
05/19/1993 00:00:00,213.3
05/20/1993 00:00:00,426.2
05/21/1993 00:00:00,373.6
05/22/1993 00:00:00,348.6
05/23/1993 00:00:00,337.7
05/24/1993 00:00:00,354.4
05/25/1993 00:00:00,364.9
05/26/1993 00:00:00,401.2
05/27/1993 00:00:00,354.7
05/28/1993 00:00:00,332.2
05/29/1993 00:00:00,325.8
05/30/1993 00:00:00,320.9
05/31/1993 00:00:00,322.1
06/01/1993 00:00:00,319.3
06/02/1993 00:00:00,322.8
06/03/1993 00:00:00,342.7
06/04/1993 00:00:00,343.1
06/05/1993 00:00:00,370.6
06/06/1993 00:00:00,360.6
06/07/1993 00:00:00,404.2
06/08/1993 00:00:00,740
06/09/1993 00:00:00,585.9
06/10/1993 00:00:00,491.8
06/11/1993 00:00:00,446.8
06/12/1993 00:00:00,433.7
06/13/1993 00:00:00,421.6
06/14/1993 00:00:00,587.9
06/15/1993 00:00:00,1075
06/16/1993 00:00:00,1449
06/17/1993 00:00:00,1005
06/18/1993 00:00:00,733.6
06/19/1993 00:00:00,578.9
06/20/1993 00:00:00,536.8
06/21/1993 00:00:00,1006
06/22/1993 00:00:00,878.3
06/23/1993 00:00:00,781
06/24/1993 00:00:00,762.7
06/25/1993 00:00:00,620.5
06/26/1993 00:00:00,547.3
06/27/1993 00:00:00,1081
06/28/1993 00:00:00,924.8
06/29/1993 00:00:00,851.1
06/30/1993 00:00:00,727.2
07/01/1993 00:00:00,714
07/02/1993 00:00:00,639.6
07/03/1993 00:00:00,600.5
07/04/1993 00:00:00,653.2
07/05/1993 00:00:00,767.7
07/06/1993 00:00:00,692.6
07/07/1993 00:00:00,768.4
07/08/1993 00:00:00,715.2
07/09/1993 00:00:00,673.4
07/10/1993 00:00:00,654.4
07/11/1993 00:00:00,749.9
07/12/1993 00:00:00,735.3
07/13/1993 00:00:00,741.2
07/14/1993 00:00:00,714.4
07/15/1993 00:00:00,696.9
07/16/1993 00:00:00,753
07/17/1993 00:00:00,724.2
07/18/1993 00:00:00,707.6
07/19/1993 00:00:00,710.9
07/20/1993 00:00:00,874.8
07/21/1993 00:00:00,808.8
07/22/1993 00:00:00,831.3
07/23/1993 00:00:00,781.7
07/24/1993 00:00:00,875.1
07/25/1993 00:00:00,822.5
07/26/1993 00:00:00,812.7
07/27/1993 00:00:00,929.2
07/28/1993 00:00:00,1041
07/29/1993 00:00:00,1087
07/30/1993 00:00:00,1065
07/31/1993 00:00:00,1094
08/01/1993 00:00:00,965
08/02/1993 00:00:00,895.9
08/03/1993 00:00:00,867
08/04/1993 00:00:00,887.7
08/05/1993 00:00:00,854.7
08/06/1993 00:00:00,844.7
08/07/1993 00:00:00,840.5
08/08/1993 00:00:00,846.5
08/09/1993 00:00:00,863.9
08/10/1993 00:00:00,902.8
08/11/1993 00:00:00,881
08/12/1993 00:00:00,861.2
08/13/1993 00:00:00,1041
08/14/1993 00:00:00,1091
08/15/1993 00:00:00,1027
08/16/1993 00:00:00,1103
08/17/1993 00:00:00,1103
08/18/1993 00:00:00,1307
08/19/1993 00:00:00,1242
08/20/1993 00:00:00,1103
08/21/1993 00:00:00,1054
08/22/1993 00:00:00,1182
08/23/1993 00:00:00,1338
08/24/1993 00:00:00,1298
08/25/1993 00:00:00,1125
08/26/1993 00:00:00,1139
08/27/1993 00:00:00,1058
08/28/1993 00:00:00,1551
08/29/1993 00:00:00,1522
08/30/1993 00:00:00,1363
08/31/1993 00:00:00,1193
09/01/1993 00:00:00,1090
09/02/1993 00:00:00,1039
09/03/1993 00:00:00,1506
09/04/1993 00:00:00,1274
09/05/1993 00:00:00,1145
09/06/1993 00:00:00,1063
09/07/1993 00:00:00,1011
09/08/1993 00:00:00,984
09/09/1993 00:00:00,1140
09/10/1993 00:00:00,1143
09/11/1993 00:00:00,1041
09/12/1993 00:00:00,980.2
09/13/1993 00:00:00,946.1
09/14/1993 00:00:00,1157
09/15/1993 00:00:00,1077
09/16/1993 00:00:00,1019
09/17/1993 00:00:00,971.4
09/18/1993 00:00:00,960.6
09/19/1993 00:00:00,1003
09/20/1993 00:00:00,968.4
09/21/1993 00:00:00,1068
09/22/1993 00:00:00,1055
09/23/1993 00:00:00,1299
09/24/1993 00:00:00,1183
09/25/1993 00:00:00,1093
09/26/1993 00:00:00,1045
09/27/1993 00:00:00,1040
09/28/1993 00:00:00,1936
09/29/1993 00:00:00,1492
09/30/1993 00:00:00,1250
10/01/1993 00:00:00,1116
10/02/1993 00:00:00,1074
10/03/1993 00:00:00,1014
10/04/1993 00:00:00,969.7
10/05/1993 00:00:00,959.6
10/06/1993 00:00:00,932.9
10/07/1993 00:00:00,915.3
10/08/1993 00:00:00,1198
10/09/1993 00:00:00,1130
10/10/1993 00:00:00,1086
10/11/1993 00:00:00,1008
10/12/1993 00:00:00,961.7
10/13/1993 00:00:00,946.7
10/14/1993 00:00:00,950.7
10/15/1993 00:00:00,928.3
10/16/1993 00:00:00,911.2
10/17/1993 00:00:00,911.6
10/18/1993 00:00:00,890
10/19/1993 00:00:00,878.1
10/20/1993 00:00:00,964.1
10/21/1993 00:00:00,979.2
10/22/1993 00:00:00,932.1
10/23/1993 00:00:00,904.4
10/24/1993 00:00:00,949.4
10/25/1993 00:00:00,1005
10/26/1993 00:00:00,937.2
10/27/1993 00:00:00,944.1
10/28/1993 00:00:00,894.8
10/29/1993 00:00:00,862.6
10/30/1993 00:00:00,916.7
10/31/1993 00:00:00,936.5
11/01/1993 00:00:00,880.2
11/02/1993 00:00:00,831.5
11/03/1993 00:00:00,802
11/04/1993 00:00:00,796.5
11/05/1993 00:00:00,1406
11/06/1993 00:00:00,1128
11/07/1993 00:00:00,966.1
11/08/1993 00:00:00,855.8
11/09/1993 00:00:00,819.6
11/10/1993 00:00:00,785.1
11/11/1993 00:00:00,743.4
11/12/1993 00:00:00,982.8
11/13/1993 00:00:00,967.7
11/14/1993 00:00:00,861.9
11/15/1993 00:00:00,775.7
11/16/1993 00:00:00,707.7
11/17/1993 00:00:00,671.7
11/18/1993 00:00:00,647.3
11/19/1993 00:00:00,625.3
11/20/1993 00:00:00,615.1
11/21/1993 00:00:00,581.5
11/22/1993 00:00:00,527.2
11/23/1993 00:00:00,499.9
11/24/1993 00:00:00,489.2
11/25/1993 00:00:00,453.5
11/26/1993 00:00:00,454.2
11/27/1993 00:00:00,460.2
11/28/1993 00:00:00,437.9
11/29/1993 00:00:00,405.7
11/30/1993 00:00:00,442.1
12/01/1993 00:00:00,423.7
12/02/1993 00:00:00,437.7
12/03/1993 00:00:00,403.2
12/04/1993 00:00:00,399.6
12/05/1993 00:00:00,385.7
12/06/1993 00:00:00,360.5
12/07/1993 00:00:00,333.5
12/08/1993 00:00:00,301.3
12/09/1993 00:00:00,310.6
12/10/1993 00:00:00,310
12/11/1993 00:00:00,308.3
12/12/1993 00:00:00,291.2
12/13/1993 00:00:00,273.1
12/14/1993 00:00:00,258.5
12/15/1993 00:00:00,256.5
12/16/1993 00:00:00,246.3
12/17/1993 00:00:00,229
12/18/1993 00:00:00,221.9
12/19/1993 00:00:00,226.2
12/20/1993 00:00:00,216.3
12/21/1993 00:00:00,211.7
12/22/1993 00:00:00,190.5
12/23/1993 00:00:00,188
12/24/1993 00:00:00,175.8
12/25/1993 00:00:00,156.3
12/26/1993 00:00:00,145.8
12/27/1993 00:00:00,153.1
12/28/1993 00:00:00,155.9
12/29/1993 00:00:00,136.5
12/30/1993 00:00:00,146.8
12/31/1993 00:00:00,145.8
01/01/1994 00:00:00,147
01/02/1994 00:00:00,125.5
01/03/1994 00:00:00,114.9
01/04/1994 00:00:00,95.84
01/05/1994 00:00:00,102.5
01/06/1994 00:00:00,88.17
01/07/1994 00:00:00,79.44
01/08/1994 00:00:00,84.75
01/09/1994 00:00:00,88.92
01/10/1994 00:00:00,90.29
01/11/1994 00:00:00,93.48
01/12/1994 00:00:00,87.87
01/13/1994 00:00:00,69.22
01/14/1994 00:00:00,53.9
01/15/1994 00:00:00,51.96
01/16/1994 00:00:00,55.96
01/17/1994 00:00:00,50.6
01/18/1994 00:00:00,55.84
01/19/1994 00:00:00,58.4
01/20/1994 00:00:00,55.25
01/21/1994 00:00:00,52.39
01/22/1994 00:00:00,52.41
01/23/1994 00:00:00,48.57
01/24/1994 00:00:00,40.9
01/25/1994 00:00:00,35.61
01/26/1994 00:00:00,36.94
01/27/1994 00:00:00,38.28
01/28/1994 00:00:00,33.15
01/29/1994 00:00:00,24.27
01/30/1994 00:00:00,27.56
01/31/1994 00:00:00,24.59
02/01/1994 00:00:00,23.48
02/02/1994 00:00:00,22.33
02/03/1994 00:00:00,21.06
02/04/1994 00:00:00,20.09
02/05/1994 00:00:00,20.32
02/06/1994 00:00:00,19.24
02/07/1994 00:00:00,20.48
02/08/1994 00:00:00,20.83
02/09/1994 00:00:00,19.92
02/10/1994 00:00:00,19.78
02/11/1994 00:00:00,19.27
02/12/1994 00:00:00,20.92
02/13/1994 00:00:00,18.3
02/14/1994 00:00:00,19.7
02/15/1994 00:00:00,18.07
02/16/1994 00:00:00,19.85
02/17/1994 00:00:00,19.95
02/18/1994 00:00:00,18.6
02/19/1994 00:00:00,18.53
02/20/1994 00:00:00,17.51
02/21/1994 00:00:00,16.5
02/22/1994 00:00:00,18.21
02/23/1994 00:00:00,16.81
02/24/1994 00:00:00,16.62
02/25/1994 00:00:00,17.58
02/26/1994 00:00:00,16.31
02/27/1994 00:00:00,17.47
02/28/1994 00:00:00,16.29
03/01/1994 00:00:00,15.21
03/02/1994 00:00:00,16.23
03/03/1994 00:00:00,14.22
03/04/1994 00:00:00,15.13
03/05/1994 00:00:00,14.63
03/06/1994 00:00:00,14.57
03/07/1994 00:00:00,14.02
03/08/1994 00:00:00,14.81
03/09/1994 00:00:00,14.14
03/10/1994 00:00:00,13.87
03/11/1994 00:00:00,13.04
03/12/1994 00:00:00,13.05
03/13/1994 00:00:00,13.2
03/14/1994 00:00:00,12.62
03/15/1994 00:00:00,11.64
03/16/1994 00:00:00,14.47
03/17/1994 00:00:00,13.38
03/18/1994 00:00:00,13.27
03/19/1994 00:00:00,13.47
03/20/1994 00:00:00,13.52
03/21/1994 00:00:00,13.12
03/22/1994 00:00:00,25.51
03/23/1994 00:00:00,37.17
03/24/1994 00:00:00,26.66
03/25/1994 00:00:00,29.27
03/26/1994 00:00:00,23.07
03/27/1994 00:00:00,18.47
03/28/1994 00:00:00,14.34
03/29/1994 00:00:00,15.22
03/30/1994 00:00:00,10.93
03/31/1994 00:00:00,13.16
04/01/1994 00:00:00,10.62
04/02/1994 00:00:00,9.834
04/03/1994 00:00:00,10.24
04/04/1994 00:00:00,11.4
04/05/1994 00:00:00,11.38
04/06/1994 00:00:00,11.97
04/07/1994 00:00:00,10.94
04/08/1994 00:00:00,11.46
04/09/1994 00:00:00,10.68
04/10/1994 00:00:00,11.14
04/11/1994 00:00:00,10.05
04/12/1994 00:00:00,10.67
04/13/1994 00:00:00,10.25
04/14/1994 00:00:00,10.59
04/15/1994 00:00:00,9.582
04/16/1994 00:00:00,10.2
04/17/1994 00:00:00,32.05
04/18/1994 00:00:00,23
04/19/1994 00:00:00,16.25
04/20/1994 00:00:00,10.86
04/21/1994 00:00:00,11.63
04/22/1994 00:00:00,8.141
04/23/1994 00:00:00,7.766
04/24/1994 00:00:00,7.504
04/25/1994 00:00:00,7.592
04/26/1994 00:00:00,7.666
04/27/1994 00:00:00,8.261
04/28/1994 00:00:00,6.856
04/29/1994 00:00:00,7.243
04/30/1994 00:00:00,6.968
05/01/1994 00:00:00,6.916
05/02/1994 00:00:00,7.747
05/03/1994 00:00:00,6.456
05/04/1994 00:00:00,5.684
05/05/1994 00:00:00,7.02
05/06/1994 00:00:00,14.59
05/07/1994 00:00:00,18.03
05/08/1994 00:00:00,11.86
05/09/1994 00:00:00,12.95
05/10/1994 00:00:00,8.886
05/11/1994 00:00:00,8.532
05/12/1994 00:00:00,49.3
05/13/1994 00:00:00,24.67
05/14/1994 00:00:00,18.54
05/15/1994 00:00:00,17.57
05/16/1994 00:00:00,25.24
05/17/1994 00:00:00,18.43
05/18/1994 00:00:00,223.7
05/19/1994 00:00:00,317.1
05/20/1994 00:00:00,300
05/21/1994 00:00:00,182.9
05/22/1994 00:00:00,149.2
05/23/1994 00:00:00,91.35
05/24/1994 00:00:00,89.46
05/25/1994 00:00:00,218.4
05/26/1994 00:00:00,182.5
05/27/1994 00:00:00,265.4
05/28/1994 00:00:00,524.1
05/29/1994 00:00:00,316.5
05/30/1994 00:00:00,221.9
05/31/1994 00:00:00,177.4
06/01/1994 00:00:00,137.2
06/02/1994 00:00:00,115.1
06/03/1994 00:00:00,97.03
06/04/1994 00:00:00,86.64
06/05/1994 00:00:00,80.82
06/06/1994 00:00:00,98.18
06/07/1994 00:00:00,93.84
06/08/1994 00:00:00,95.95
06/09/1994 00:00:00,87.94
06/10/1994 00:00:00,131.1
06/11/1994 00:00:00,108.5
06/12/1994 00:00:00,100.8
06/13/1994 00:00:00,110.6
06/14/1994 00:00:00,102.3
06/15/1994 00:00:00,108
06/16/1994 00:00:00,149.4
06/17/1994 00:00:00,243.3
06/18/1994 00:00:00,234.5
06/19/1994 00:00:00,225.1
06/20/1994 00:00:00,247.7
06/21/1994 00:00:00,247.3
06/22/1994 00:00:00,573.4
06/23/1994 00:00:00,427.2
06/24/1994 00:00:00,347.6
06/25/1994 00:00:00,275.4
06/26/1994 00:00:00,294.6
06/27/1994 00:00:00,372.7
06/28/1994 00:00:00,400.6
06/29/1994 00:00:00,629.8
06/30/1994 00:00:00,646.9
07/01/1994 00:00:00,475.9
07/02/1994 00:00:00,479.8
07/03/1994 00:00:00,413.2
07/04/1994 00:00:00,398
07/05/1994 00:00:00,379.7
07/06/1994 00:00:00,369.8
07/07/1994 00:00:00,379.2
07/08/1994 00:00:00,373.7
07/09/1994 00:00:00,457
07/10/1994 00:00:00,493.2
07/11/1994 00:00:00,550.7
07/12/1994 00:00:00,570.9
07/13/1994 00:00:00,1055
07/14/1994 00:00:00,1171
07/15/1994 00:00:00,1044
07/16/1994 00:00:00,858.2
07/17/1994 00:00:00,847.4
07/18/1994 00:00:00,735.5
07/19/1994 00:00:00,719.9
07/20/1994 00:00:00,1026
07/21/1994 00:00:00,851.3
07/22/1994 00:00:00,780.9
07/23/1994 00:00:00,751
07/24/1994 00:00:00,724.4
07/25/1994 00:00:00,682.8
07/26/1994 00:00:00,761.2
07/27/1994 00:00:00,844.1
07/28/1994 00:00:00,916.1
07/29/1994 00:00:00,840.8
07/30/1994 00:00:00,859.3
07/31/1994 00:00:00,898.1
08/01/1994 00:00:00,1066
08/02/1994 00:00:00,987.8
08/03/1994 00:00:00,914.8
08/04/1994 00:00:00,1124
08/05/1994 00:00:00,1114
08/06/1994 00:00:00,999.4
08/07/1994 00:00:00,943.7
08/08/1994 00:00:00,961.1
08/09/1994 00:00:00,949.5
08/10/1994 00:00:00,947.5
08/11/1994 00:00:00,1367
08/12/1994 00:00:00,1139
08/13/1994 00:00:00,1016
08/14/1994 00:00:00,985.6
08/15/1994 00:00:00,961
08/16/1994 00:00:00,1033
08/17/1994 00:00:00,1019
08/18/1994 00:00:00,1034
08/19/1994 00:00:00,1045
08/20/1994 00:00:00,1094
08/21/1994 00:00:00,1047
08/22/1994 00:00:00,1062
08/23/1994 00:00:00,1293
08/24/1994 00:00:00,1301
08/25/1994 00:00:00,1131
08/26/1994 00:00:00,1063
08/27/1994 00:00:00,1378
08/28/1994 00:00:00,1478
08/29/1994 00:00:00,1587
08/30/1994 00:00:00,1562
08/31/1994 00:00:00,1322
09/01/1994 00:00:00,1213
09/02/1994 00:00:00,1166
09/03/1994 00:00:00,1267
09/04/1994 00:00:00,1496
09/05/1994 00:00:00,1290
09/06/1994 00:00:00,1164
09/07/1994 00:00:00,1087
09/08/1994 00:00:00,1039
09/09/1994 00:00:00,1025
09/10/1994 00:00:00,1390
09/11/1994 00:00:00,1336
09/12/1994 00:00:00,1259
09/13/1994 00:00:00,1303
09/14/1994 00:00:00,1489
09/15/1994 00:00:00,1345
09/16/1994 00:00:00,1395
09/17/1994 00:00:00,1421
09/18/1994 00:00:00,1244
09/19/1994 00:00:00,1144
09/20/1994 00:00:00,1083
09/21/1994 00:00:00,1128
09/22/1994 00:00:00,1109
09/23/1994 00:00:00,1185
09/24/1994 00:00:00,1155
09/25/1994 00:00:00,1175
09/26/1994 00:00:00,1222
09/27/1994 00:00:00,1157
09/28/1994 00:00:00,1143
09/29/1994 00:00:00,1392
09/30/1994 00:00:00,1379
10/01/1994 00:00:00,1281
10/02/1994 00:00:00,1237
10/03/1994 00:00:00,1205
10/04/1994 00:00:00,1192
10/05/1994 00:00:00,1249
10/06/1994 00:00:00,1186
10/07/1994 00:00:00,1159
10/08/1994 00:00:00,1179
10/09/1994 00:00:00,1974
10/10/1994 00:00:00,1742
10/11/1994 00:00:00,2077
10/12/1994 00:00:00,1948
10/13/1994 00:00:00,1682
10/14/1994 00:00:00,1492
10/15/1994 00:00:00,1387
10/16/1994 00:00:00,1354
10/17/1994 00:00:00,1318
10/18/1994 00:00:00,1313
10/19/1994 00:00:00,1279
10/20/1994 00:00:00,1284
10/21/1994 00:00:00,1363
10/22/1994 00:00:00,1292
10/23/1994 00:00:00,1317
10/24/1994 00:00:00,1262
10/25/1994 00:00:00,1241
10/26/1994 00:00:00,1378
10/27/1994 00:00:00,1341
10/28/1994 00:00:00,1303
10/29/1994 00:00:00,1295
10/30/1994 00:00:00,1247
10/31/1994 00:00:00,1218
11/01/1994 00:00:00,1196
11/02/1994 00:00:00,1178
11/03/1994 00:00:00,1161
11/04/1994 00:00:00,1144
11/05/1994 00:00:00,1125
11/06/1994 00:00:00,1112
11/07/1994 00:00:00,1073
11/08/1994 00:00:00,1043
11/09/1994 00:00:00,1028
11/10/1994 00:00:00,1012
11/11/1994 00:00:00,988.4
11/12/1994 00:00:00,957.6
11/13/1994 00:00:00,936.9
11/14/1994 00:00:00,911.8
11/15/1994 00:00:00,885.8
11/16/1994 00:00:00,866.7
11/17/1994 00:00:00,856.4
11/18/1994 00:00:00,1028
11/19/1994 00:00:00,900.4
11/20/1994 00:00:00,860.1
11/21/1994 00:00:00,821.5
11/22/1994 00:00:00,764
11/23/1994 00:00:00,736.2
11/24/1994 00:00:00,758
11/25/1994 00:00:00,709.8
11/26/1994 00:00:00,680.8
11/27/1994 00:00:00,662.4
11/28/1994 00:00:00,642.3
11/29/1994 00:00:00,604.9
11/30/1994 00:00:00,606.2
12/01/1994 00:00:00,580.1
12/02/1994 00:00:00,556.8
12/03/1994 00:00:00,550.3
12/04/1994 00:00:00,517.9
12/05/1994 00:00:00,509.6
12/06/1994 00:00:00,506.4
12/07/1994 00:00:00,517.9
12/08/1994 00:00:00,500.3
12/09/1994 00:00:00,595.4
12/10/1994 00:00:00,597.1
12/11/1994 00:00:00,550.8
12/12/1994 00:00:00,533.9
12/13/1994 00:00:00,518.8
12/14/1994 00:00:00,491.9
12/15/1994 00:00:00,492.6
12/16/1994 00:00:00,482.6
12/17/1994 00:00:00,477.3
12/18/1994 00:00:00,459.6
12/19/1994 00:00:00,443.6
12/20/1994 00:00:00,422
12/21/1994 00:00:00,417.6
12/22/1994 00:00:00,419.7
12/23/1994 00:00:00,405.2
12/24/1994 00:00:00,392.2
12/25/1994 00:00:00,386.2
12/26/1994 00:00:00,363.4
12/27/1994 00:00:00,356.3
12/28/1994 00:00:00,345.2
12/29/1994 00:00:00,302.1
12/30/1994 00:00:00,290.9
12/31/1994 00:00:00,265.2
01/01/1995 00:00:00,259.5
01/02/1995 00:00:00,247.5
01/03/1995 00:00:00,240.5
01/04/1995 00:00:00,242.1
01/05/1995 00:00:00,238.3
01/06/1995 00:00:00,241
01/07/1995 00:00:00,228.2
01/08/1995 00:00:00,226.2
01/09/1995 00:00:00,221.9
01/10/1995 00:00:00,208.3
01/11/1995 00:00:00,210.9
01/12/1995 00:00:00,194.5
01/13/1995 00:00:00,194.1
01/14/1995 00:00:00,180.9
01/15/1995 00:00:00,180.1
01/16/1995 00:00:00,157.6
01/17/1995 00:00:00,138.8
01/18/1995 00:00:00,127.9
01/19/1995 00:00:00,131.8
01/20/1995 00:00:00,132.5
01/21/1995 00:00:00,112.6
01/22/1995 00:00:00,108.9
01/23/1995 00:00:00,115.5
01/24/1995 00:00:00,113.5
01/25/1995 00:00:00,118.8
01/26/1995 00:00:00,93.16
01/27/1995 00:00:00,95.3
01/28/1995 00:00:00,84.01
01/29/1995 00:00:00,87.17
01/30/1995 00:00:00,81.15
01/31/1995 00:00:00,73.18
02/01/1995 00:00:00,64.27
02/02/1995 00:00:00,69.23
02/03/1995 00:00:00,69
02/04/1995 00:00:00,58.54
02/05/1995 00:00:00,55.57
02/06/1995 00:00:00,43.89
02/07/1995 00:00:00,52.9
02/08/1995 00:00:00,52.21
02/09/1995 00:00:00,54.27
02/10/1995 00:00:00,49.17
02/11/1995 00:00:00,48.6
02/12/1995 00:00:00,42.29
02/13/1995 00:00:00,55.43
02/14/1995 00:00:00,57.57
02/15/1995 00:00:00,48.21
02/16/1995 00:00:00,52.82
02/17/1995 00:00:00,50.84
02/18/1995 00:00:00,49.24
02/19/1995 00:00:00,54.82
02/20/1995 00:00:00,55.28
02/21/1995 00:00:00,49.55
02/22/1995 00:00:00,26.61
02/23/1995 00:00:00,30.49
02/24/1995 00:00:00,32.15
02/25/1995 00:00:00,32.77
02/26/1995 00:00:00,35.52
02/27/1995 00:00:00,35.48
02/28/1995 00:00:00,35.86
03/01/1995 00:00:00,30.57
03/02/1995 00:00:00,21.22
03/03/1995 00:00:00,23.59
03/04/1995 00:00:00,19.99
03/05/1995 00:00:00,19.35
03/06/1995 00:00:00,19.75
03/07/1995 00:00:00,18.6
03/08/1995 00:00:00,19.27
03/09/1995 00:00:00,18.3
03/10/1995 00:00:00,19.92
03/11/1995 00:00:00,18.79
03/12/1995 00:00:00,18.63
03/13/1995 00:00:00,16.95
03/14/1995 00:00:00,18
03/15/1995 00:00:00,18.09
03/16/1995 00:00:00,17.42
03/17/1995 00:00:00,16.06
03/18/1995 00:00:00,16.6
03/19/1995 00:00:00,16.81
03/20/1995 00:00:00,18.06
03/21/1995 00:00:00,18.07
03/22/1995 00:00:00,15.22
03/23/1995 00:00:00,17.52
03/24/1995 00:00:00,18.11
03/25/1995 00:00:00,17.03
03/26/1995 00:00:00,19.16
03/27/1995 00:00:00,17.18
03/28/1995 00:00:00,19.36
03/29/1995 00:00:00,19.41
03/30/1995 00:00:00,20.27
03/31/1995 00:00:00,19.21
04/01/1995 00:00:00,19.03
04/02/1995 00:00:00,21.64
04/03/1995 00:00:00,21.23
04/04/1995 00:00:00,20.61
04/05/1995 00:00:00,21.07
04/06/1995 00:00:00,18.4
04/07/1995 00:00:00,14.56
04/08/1995 00:00:00,13.65
04/09/1995 00:00:00,13.75
04/10/1995 00:00:00,14.28
04/11/1995 00:00:00,15.4
04/12/1995 00:00:00,16.06
04/13/1995 00:00:00,17.8
04/14/1995 00:00:00,17.46
04/15/1995 00:00:00,314.6
04/16/1995 00:00:00,416.5
04/17/1995 00:00:00,609.7
04/18/1995 00:00:00,346.4
04/19/1995 00:00:00,196.2
04/20/1995 00:00:00,126.5
04/21/1995 00:00:00,82.89
04/22/1995 00:00:00,61.63
04/23/1995 00:00:00,50.55
04/24/1995 00:00:00,38.47
04/25/1995 00:00:00,38.42
04/26/1995 00:00:00,34.39
04/27/1995 00:00:00,32.95
04/28/1995 00:00:00,31.9
04/29/1995 00:00:00,32.24
04/30/1995 00:00:00,34.05
05/01/1995 00:00:00,77.08
05/02/1995 00:00:00,65.99
05/03/1995 00:00:00,58.45
05/04/1995 00:00:00,54.91
05/05/1995 00:00:00,50.54
05/06/1995 00:00:00,45.79
05/07/1995 00:00:00,123.1
05/08/1995 00:00:00,107.5
05/09/1995 00:00:00,97.1
05/10/1995 00:00:00,87.86
05/11/1995 00:00:00,86.25
05/12/1995 00:00:00,87.08
05/13/1995 00:00:00,102
05/14/1995 00:00:00,183.7
05/15/1995 00:00:00,139.2
05/16/1995 00:00:00,127.9
05/17/1995 00:00:00,239.4
05/18/1995 00:00:00,212.2
05/19/1995 00:00:00,357.6
05/20/1995 00:00:00,260.4
05/21/1995 00:00:00,206.7
05/22/1995 00:00:00,185
05/23/1995 00:00:00,181.5
05/24/1995 00:00:00,221.5
05/25/1995 00:00:00,256.3
05/26/1995 00:00:00,222.2
05/27/1995 00:00:00,220.3
05/28/1995 00:00:00,371.7
05/29/1995 00:00:00,298
05/30/1995 00:00:00,261.4
05/31/1995 00:00:00,300.2
06/01/1995 00:00:00,266.4
06/02/1995 00:00:00,299.7
06/03/1995 00:00:00,325.1
06/04/1995 00:00:00,311.5
06/05/1995 00:00:00,374.8
06/06/1995 00:00:00,326.9
06/07/1995 00:00:00,376.2
06/08/1995 00:00:00,347.5
06/09/1995 00:00:00,445.8
06/10/1995 00:00:00,360.3
06/11/1995 00:00:00,318
06/12/1995 00:00:00,290.3
06/13/1995 00:00:00,280.1
06/14/1995 00:00:00,272.8
06/15/1995 00:00:00,268.6
06/16/1995 00:00:00,340.4
06/17/1995 00:00:00,350.3
06/18/1995 00:00:00,340.7
06/19/1995 00:00:00,332
06/20/1995 00:00:00,478.5
06/21/1995 00:00:00,487.8
06/22/1995 00:00:00,410
06/23/1995 00:00:00,362.1
06/24/1995 00:00:00,395
06/25/1995 00:00:00,377.2
06/26/1995 00:00:00,526.1
06/27/1995 00:00:00,674.7
06/28/1995 00:00:00,742.2
06/29/1995 00:00:00,743.2
06/30/1995 00:00:00,878.9
07/01/1995 00:00:00,784.2
07/02/1995 00:00:00,642.5
07/03/1995 00:00:00,553.5
07/04/1995 00:00:00,496.5
07/05/1995 00:00:00,471
07/06/1995 00:00:00,467
07/07/1995 00:00:00,512.5
07/08/1995 00:00:00,522.6
07/09/1995 00:00:00,741.6
07/10/1995 00:00:00,1194
07/11/1995 00:00:00,1253
07/12/1995 00:00:00,1139
07/13/1995 00:00:00,994.3
07/14/1995 00:00:00,829.3
07/15/1995 00:00:00,805.2
07/16/1995 00:00:00,729.2
07/17/1995 00:00:00,706.3
07/18/1995 00:00:00,694.2
07/19/1995 00:00:00,747.4
07/20/1995 00:00:00,717.4
07/21/1995 00:00:00,857.4
07/22/1995 00:00:00,816.4
07/23/1995 00:00:00,762.3
07/24/1995 00:00:00,850.7
07/25/1995 00:00:00,884.3
07/26/1995 00:00:00,843.1
07/27/1995 00:00:00,797.7
07/28/1995 00:00:00,809.2
07/29/1995 00:00:00,1052
07/30/1995 00:00:00,970.8
07/31/1995 00:00:00,1008
08/01/1995 00:00:00,981.4
08/02/1995 00:00:00,955.7
08/03/1995 00:00:00,929.5
08/04/1995 00:00:00,1111
08/05/1995 00:00:00,1191
08/06/1995 00:00:00,1071
08/07/1995 00:00:00,1005
08/08/1995 00:00:00,986.6
08/09/1995 00:00:00,1036
08/10/1995 00:00:00,992.5
08/11/1995 00:00:00,974.8
08/12/1995 00:00:00,980.6
08/13/1995 00:00:00,942.6
08/14/1995 00:00:00,979
08/15/1995 00:00:00,1404
08/16/1995 00:00:00,1238
08/17/1995 00:00:00,1126
08/18/1995 00:00:00,1085
08/19/1995 00:00:00,1083
08/20/1995 00:00:00,1149
08/21/1995 00:00:00,1351
08/22/1995 00:00:00,1597
08/23/1995 00:00:00,1398
08/24/1995 00:00:00,1443
08/25/1995 00:00:00,1231
08/26/1995 00:00:00,1424
08/27/1995 00:00:00,1231
08/28/1995 00:00:00,1182
08/29/1995 00:00:00,1101
08/30/1995 00:00:00,1181
08/31/1995 00:00:00,1379
09/01/1995 00:00:00,1404
09/02/1995 00:00:00,1467
09/03/1995 00:00:00,1313
09/04/1995 00:00:00,1325
09/05/1995 00:00:00,1189
09/06/1995 00:00:00,1084
09/07/1995 00:00:00,1074
09/08/1995 00:00:00,1049
09/09/1995 00:00:00,1021
09/10/1995 00:00:00,1104
09/11/1995 00:00:00,1186
09/12/1995 00:00:00,1299
09/13/1995 00:00:00,1254
09/14/1995 00:00:00,1406
09/15/1995 00:00:00,1403
09/16/1995 00:00:00,1293
09/17/1995 00:00:00,1225
09/18/1995 00:00:00,1211
09/19/1995 00:00:00,1253
09/20/1995 00:00:00,1304
09/21/1995 00:00:00,1590
09/22/1995 00:00:00,1742
09/23/1995 00:00:00,1648
09/24/1995 00:00:00,1441
09/25/1995 00:00:00,1382
09/26/1995 00:00:00,1279
09/27/1995 00:00:00,1256
09/28/1995 00:00:00,1343
09/29/1995 00:00:00,1463
09/30/1995 00:00:00,1436
10/01/1995 00:00:00,1832
10/02/1995 00:00:00,1608
10/03/1995 00:00:00,1443
10/04/1995 00:00:00,1628
10/05/1995 00:00:00,1503
10/06/1995 00:00:00,1577
10/07/1995 00:00:00,1458
10/08/1995 00:00:00,1411
10/09/1995 00:00:00,1346
10/10/1995 00:00:00,1297
10/11/1995 00:00:00,1340
10/12/1995 00:00:00,1290
10/13/1995 00:00:00,1317
10/14/1995 00:00:00,1261
10/15/1995 00:00:00,1228
10/16/1995 00:00:00,1243
10/17/1995 00:00:00,1214
10/18/1995 00:00:00,1196
10/19/1995 00:00:00,1186
10/20/1995 00:00:00,1175
10/21/1995 00:00:00,1165
10/22/1995 00:00:00,1156
10/23/1995 00:00:00,1144
10/24/1995 00:00:00,1135
10/25/1995 00:00:00,1119
10/26/1995 00:00:00,1096
10/27/1995 00:00:00,1090
10/28/1995 00:00:00,1065
10/29/1995 00:00:00,1069
10/30/1995 00:00:00,1137
10/31/1995 00:00:00,1088
11/01/1995 00:00:00,1060
11/02/1995 00:00:00,1027
11/03/1995 00:00:00,1015
11/04/1995 00:00:00,999.8
11/05/1995 00:00:00,984
11/06/1995 00:00:00,963.7
11/07/1995 00:00:00,936.7
11/08/1995 00:00:00,913.9
11/09/1995 00:00:00,878.6
11/10/1995 00:00:00,867.6
11/11/1995 00:00:00,877.3
11/12/1995 00:00:00,842.8
11/13/1995 00:00:00,762
11/14/1995 00:00:00,706.8
11/15/1995 00:00:00,899.7
11/16/1995 00:00:00,775.6
11/17/1995 00:00:00,703.2
11/18/1995 00:00:00,648
11/19/1995 00:00:00,582.3
11/20/1995 00:00:00,543.7
11/21/1995 00:00:00,533.5
11/22/1995 00:00:00,516.8
11/23/1995 00:00:00,505.4
11/24/1995 00:00:00,482.7
11/25/1995 00:00:00,459.4
11/26/1995 00:00:00,457.1
11/27/1995 00:00:00,447.2
11/28/1995 00:00:00,445.2
11/29/1995 00:00:00,427.6
11/30/1995 00:00:00,420
12/01/1995 00:00:00,452.2
12/02/1995 00:00:00,429.8
12/03/1995 00:00:00,402
12/04/1995 00:00:00,392.1
12/05/1995 00:00:00,376.8
12/06/1995 00:00:00,378.3
12/07/1995 00:00:00,357.4
12/08/1995 00:00:00,361.8
12/09/1995 00:00:00,487.5
12/10/1995 00:00:00,482.5
12/11/1995 00:00:00,447.7
12/12/1995 00:00:00,421.9
12/13/1995 00:00:00,407.4
12/14/1995 00:00:00,383.7
12/15/1995 00:00:00,356.7
12/16/1995 00:00:00,352.7
12/17/1995 00:00:00,348.6
12/18/1995 00:00:00,348.6
12/19/1995 00:00:00,340.2
12/20/1995 00:00:00,341
12/21/1995 00:00:00,337
12/22/1995 00:00:00,337.8
12/23/1995 00:00:00,334.1
12/24/1995 00:00:00,313.3
12/25/1995 00:00:00,316.5
12/26/1995 00:00:00,301.7
12/27/1995 00:00:00,306.7
12/28/1995 00:00:00,308.5
12/29/1995 00:00:00,299.5
12/30/1995 00:00:00,263.1
12/31/1995 00:00:00,251.2
01/01/1996 00:00:00,233.3
01/02/1996 00:00:00,229.8
01/03/1996 00:00:00,220.1
01/04/1996 00:00:00,215.2
01/05/1996 00:00:00,220.2
01/06/1996 00:00:00,206.6
01/07/1996 00:00:00,181.3
01/08/1996 00:00:00,161.7
01/09/1996 00:00:00,159.3
01/10/1996 00:00:00,148.1
01/11/1996 00:00:00,147.8
01/12/1996 00:00:00,140
01/13/1996 00:00:00,137.6
01/14/1996 00:00:00,138.9
01/15/1996 00:00:00,136.1
01/16/1996 00:00:00,132.2
01/17/1996 00:00:00,109.3
01/18/1996 00:00:00,113.6
01/19/1996 00:00:00,118.7
01/20/1996 00:00:00,116.5
01/21/1996 00:00:00,109.9
01/22/1996 00:00:00,118.1
01/23/1996 00:00:00,120.6
01/24/1996 00:00:00,116.6
01/25/1996 00:00:00,113.4
01/26/1996 00:00:00,106.6
01/27/1996 00:00:00,104.7
01/28/1996 00:00:00,71.99
01/29/1996 00:00:00,62.26
01/30/1996 00:00:00,70.83
01/31/1996 00:00:00,72.71
02/01/1996 00:00:00,55.88
02/02/1996 00:00:00,53.26
02/03/1996 00:00:00,43.4
02/04/1996 00:00:00,45.67
02/05/1996 00:00:00,43.37
02/06/1996 00:00:00,42.29
02/07/1996 00:00:00,39.87
02/08/1996 00:00:00,40.58
02/09/1996 00:00:00,37.49
02/10/1996 00:00:00,31.71
02/11/1996 00:00:00,33.69
02/12/1996 00:00:00,32.67
02/13/1996 00:00:00,32.68
02/14/1996 00:00:00,34.37
02/15/1996 00:00:00,39.43
02/16/1996 00:00:00,29.76
02/17/1996 00:00:00,29.34
02/18/1996 00:00:00,31.06
02/19/1996 00:00:00,26.64
02/20/1996 00:00:00,27.91
02/21/1996 00:00:00,22.12
02/22/1996 00:00:00,21.42
02/23/1996 00:00:00,20.88
02/24/1996 00:00:00,21.99
02/25/1996 00:00:00,20.18
02/26/1996 00:00:00,20.65
02/27/1996 00:00:00,20.87
02/28/1996 00:00:00,19.75
02/29/1996 00:00:00,19.06
03/01/1996 00:00:00,18.1
03/02/1996 00:00:00,18.07
03/03/1996 00:00:00,18.93
03/04/1996 00:00:00,17.81
03/05/1996 00:00:00,17.79
03/06/1996 00:00:00,17.05
03/07/1996 00:00:00,18.35
03/08/1996 00:00:00,16.92
03/09/1996 00:00:00,17.55
03/10/1996 00:00:00,15.56
03/11/1996 00:00:00,17.05
03/12/1996 00:00:00,16.11
03/13/1996 00:00:00,15.82
03/14/1996 00:00:00,15.52
03/15/1996 00:00:00,17.03
03/16/1996 00:00:00,16.24
03/17/1996 00:00:00,16.32
03/18/1996 00:00:00,15.59
03/19/1996 00:00:00,14.33
03/20/1996 00:00:00,16.28
03/21/1996 00:00:00,19.18
03/22/1996 00:00:00,19.47
03/23/1996 00:00:00,17.99
03/24/1996 00:00:00,16.92
03/25/1996 00:00:00,15.69
03/26/1996 00:00:00,15.53
03/27/1996 00:00:00,14.21
03/28/1996 00:00:00,16.36
03/29/1996 00:00:00,15.51
03/30/1996 00:00:00,15.67
03/31/1996 00:00:00,16.62
04/01/1996 00:00:00,230.4
04/02/1996 00:00:00,102.3
04/03/1996 00:00:00,64.36
04/04/1996 00:00:00,34.44
04/05/1996 00:00:00,28.41
04/06/1996 00:00:00,25.92
04/07/1996 00:00:00,23.92
04/08/1996 00:00:00,23.61
04/09/1996 00:00:00,23.15
04/10/1996 00:00:00,73.56
04/11/1996 00:00:00,52.3
04/12/1996 00:00:00,91.79
04/13/1996 00:00:00,68.96
04/14/1996 00:00:00,71.86
04/15/1996 00:00:00,52.7
04/16/1996 00:00:00,57.93
04/17/1996 00:00:00,56.04
04/18/1996 00:00:00,54.5
04/19/1996 00:00:00,64.85
04/20/1996 00:00:00,66.13
04/21/1996 00:00:00,74.89
04/22/1996 00:00:00,76.19
04/23/1996 00:00:00,76.66
04/24/1996 00:00:00,81.5
04/25/1996 00:00:00,82.45
04/26/1996 00:00:00,86.8
04/27/1996 00:00:00,88.07
04/28/1996 00:00:00,82.92
04/29/1996 00:00:00,84.24
04/30/1996 00:00:00,87.43
05/01/1996 00:00:00,90.87
05/02/1996 00:00:00,91.08
05/03/1996 00:00:00,129.4
05/04/1996 00:00:00,104.7
05/05/1996 00:00:00,101.8
05/06/1996 00:00:00,97.5
05/07/1996 00:00:00,87.2
05/08/1996 00:00:00,87.41
05/09/1996 00:00:00,93.67
05/10/1996 00:00:00,206.1
05/11/1996 00:00:00,156
05/12/1996 00:00:00,167.2
05/13/1996 00:00:00,148.2
05/14/1996 00:00:00,157.8
05/15/1996 00:00:00,139.5
05/16/1996 00:00:00,184.5
05/17/1996 00:00:00,392.5
05/18/1996 00:00:00,295.5
05/19/1996 00:00:00,259.7
05/20/1996 00:00:00,231.7
05/21/1996 00:00:00,230
05/22/1996 00:00:00,251.4
05/23/1996 00:00:00,287.6
05/24/1996 00:00:00,493.8
05/25/1996 00:00:00,400.3
05/26/1996 00:00:00,330.5
05/27/1996 00:00:00,295.4
05/28/1996 00:00:00,285.6
05/29/1996 00:00:00,323.1
05/30/1996 00:00:00,280.9
05/31/1996 00:00:00,266
06/01/1996 00:00:00,252
06/02/1996 00:00:00,277.8
06/03/1996 00:00:00,370
06/04/1996 00:00:00,333.7
06/05/1996 00:00:00,317.6
06/06/1996 00:00:00,319.6
06/07/1996 00:00:00,307.4
06/08/1996 00:00:00,286.1
06/09/1996 00:00:00,290.8
06/10/1996 00:00:00,291.9
06/11/1996 00:00:00,293.2
06/12/1996 00:00:00,292.7
06/13/1996 00:00:00,303.4
06/14/1996 00:00:00,311.2
06/15/1996 00:00:00,311.5
06/16/1996 00:00:00,316.3
06/17/1996 00:00:00,322.5
06/18/1996 00:00:00,360.8
06/19/1996 00:00:00,339.7
06/20/1996 00:00:00,371
06/21/1996 00:00:00,413.4
06/22/1996 00:00:00,674.3
06/23/1996 00:00:00,1718
06/24/1996 00:00:00,1346
06/25/1996 00:00:00,1016
06/26/1996 00:00:00,833.6
06/27/1996 00:00:00,763.7
06/28/1996 00:00:00,620
06/29/1996 00:00:00,529.5
06/30/1996 00:00:00,565.6
07/01/1996 00:00:00,833.3
07/02/1996 00:00:00,654.5
07/03/1996 00:00:00,567.8
07/04/1996 00:00:00,524.8
07/05/1996 00:00:00,669.9
07/06/1996 00:00:00,669.3
07/07/1996 00:00:00,621.1
07/08/1996 00:00:00,685.1
07/09/1996 00:00:00,684.2
07/10/1996 00:00:00,653.2
07/11/1996 00:00:00,857.5
07/12/1996 00:00:00,887.6
07/13/1996 00:00:00,835.5
07/14/1996 00:00:00,751.9
07/15/1996 00:00:00,705.1
07/16/1996 00:00:00,684.1
07/17/1996 00:00:00,719.5
07/18/1996 00:00:00,731.4
07/19/1996 00:00:00,738.9
07/20/1996 00:00:00,731.1
07/21/1996 00:00:00,719.6
07/22/1996 00:00:00,711.8
07/23/1996 00:00:00,844
07/24/1996 00:00:00,781.7
07/25/1996 00:00:00,749
07/26/1996 00:00:00,805
07/27/1996 00:00:00,930.6
07/28/1996 00:00:00,987
07/29/1996 00:00:00,897.3
07/30/1996 00:00:00,887.2
07/31/1996 00:00:00,920.5
08/01/1996 00:00:00,843
08/02/1996 00:00:00,831.1
08/03/1996 00:00:00,856.4
08/04/1996 00:00:00,1001
08/05/1996 00:00:00,906.1
08/06/1996 00:00:00,853.8
08/07/1996 00:00:00,867.3
08/08/1996 00:00:00,1045
08/09/1996 00:00:00,1062
08/10/1996 00:00:00,1009
08/11/1996 00:00:00,955.3
08/12/1996 00:00:00,933.6
08/13/1996 00:00:00,1163
08/14/1996 00:00:00,1017
08/15/1996 00:00:00,965.3
08/16/1996 00:00:00,941.2
08/17/1996 00:00:00,897.9
08/18/1996 00:00:00,885
08/19/1996 00:00:00,863
08/20/1996 00:00:00,998
08/21/1996 00:00:00,1203
08/22/1996 00:00:00,1128
08/23/1996 00:00:00,1034
08/24/1996 00:00:00,1022
08/25/1996 00:00:00,1063
08/26/1996 00:00:00,1229
08/27/1996 00:00:00,1311
08/28/1996 00:00:00,1227
08/29/1996 00:00:00,1145
08/30/1996 00:00:00,1091
08/31/1996 00:00:00,1143
09/01/1996 00:00:00,1155
09/02/1996 00:00:00,1119
09/03/1996 00:00:00,1067
09/04/1996 00:00:00,1089
09/05/1996 00:00:00,1054
09/06/1996 00:00:00,1075
09/07/1996 00:00:00,1266
09/08/1996 00:00:00,1181
09/09/1996 00:00:00,1186
09/10/1996 00:00:00,1135
09/11/1996 00:00:00,1112
09/12/1996 00:00:00,1093
09/13/1996 00:00:00,1068
09/14/1996 00:00:00,1100
09/15/1996 00:00:00,1127
09/16/1996 00:00:00,1112
09/17/1996 00:00:00,1190
09/18/1996 00:00:00,1252
09/19/1996 00:00:00,1179
09/20/1996 00:00:00,1327
09/21/1996 00:00:00,1336
09/22/1996 00:00:00,1231
09/23/1996 00:00:00,1191
09/24/1996 00:00:00,1193
09/25/1996 00:00:00,1154
09/26/1996 00:00:00,1142
09/27/1996 00:00:00,1272
09/28/1996 00:00:00,1310
09/29/1996 00:00:00,1295
09/30/1996 00:00:00,1250
10/01/1996 00:00:00,1298
10/02/1996 00:00:00,1235
10/03/1996 00:00:00,1185
10/04/1996 00:00:00,1544
10/05/1996 00:00:00,1356
10/06/1996 00:00:00,1423
10/07/1996 00:00:00,1629
10/08/1996 00:00:00,2295
10/09/1996 00:00:00,1916
10/10/1996 00:00:00,1663
10/11/1996 00:00:00,1558
10/12/1996 00:00:00,1405
10/13/1996 00:00:00,1333
10/14/1996 00:00:00,1288
10/15/1996 00:00:00,1246
10/16/1996 00:00:00,1263
10/17/1996 00:00:00,1255
10/18/1996 00:00:00,1343
10/19/1996 00:00:00,1335
10/20/1996 00:00:00,1260
10/21/1996 00:00:00,1367
10/22/1996 00:00:00,1283
10/23/1996 00:00:00,1690
10/24/1996 00:00:00,1539
10/25/1996 00:00:00,1388
10/26/1996 00:00:00,1277
10/27/1996 00:00:00,1203
10/28/1996 00:00:00,1159
10/29/1996 00:00:00,1130
10/30/1996 00:00:00,1069
10/31/1996 00:00:00,1038
11/01/1996 00:00:00,1015
11/02/1996 00:00:00,1011
11/03/1996 00:00:00,1031
11/04/1996 00:00:00,992.3
11/05/1996 00:00:00,976.3
11/06/1996 00:00:00,1034
11/07/1996 00:00:00,1014
11/08/1996 00:00:00,994.4
11/09/1996 00:00:00,995.6
11/10/1996 00:00:00,1072
11/11/1996 00:00:00,950.8
11/12/1996 00:00:00,884.1
11/13/1996 00:00:00,873.8
11/14/1996 00:00:00,797.3
11/15/1996 00:00:00,749.9
11/16/1996 00:00:00,712.7
11/17/1996 00:00:00,687.5
11/18/1996 00:00:00,677.6
11/19/1996 00:00:00,664.3
11/20/1996 00:00:00,639.5
11/21/1996 00:00:00,618.6
11/22/1996 00:00:00,595.2
11/23/1996 00:00:00,559
11/24/1996 00:00:00,547.1
11/25/1996 00:00:00,522.8
11/26/1996 00:00:00,521.6
11/27/1996 00:00:00,526.2
11/28/1996 00:00:00,513.5
11/29/1996 00:00:00,493.3
11/30/1996 00:00:00,469.6
12/01/1996 00:00:00,448.3
12/02/1996 00:00:00,442.5
12/03/1996 00:00:00,425.1
12/04/1996 00:00:00,387.4
12/05/1996 00:00:00,391.3
12/06/1996 00:00:00,367.8
12/07/1996 00:00:00,356
12/08/1996 00:00:00,320.8
12/09/1996 00:00:00,332.8
12/10/1996 00:00:00,316.3
12/11/1996 00:00:00,310.7
12/12/1996 00:00:00,293.5
12/13/1996 00:00:00,297.6
12/14/1996 00:00:00,291.9
12/15/1996 00:00:00,289.1
12/16/1996 00:00:00,268.3
12/17/1996 00:00:00,274.9
12/18/1996 00:00:00,300.6
12/19/1996 00:00:00,289.5
12/20/1996 00:00:00,276.7
12/21/1996 00:00:00,271.8
12/22/1996 00:00:00,267.5
12/23/1996 00:00:00,254.6
12/24/1996 00:00:00,231.9
12/25/1996 00:00:00,231.8
12/26/1996 00:00:00,222.4
12/27/1996 00:00:00,223.1
12/28/1996 00:00:00,203
12/29/1996 00:00:00,212.5
12/30/1996 00:00:00,215
12/31/1996 00:00:00,215.1
01/01/1997 00:00:00,203.5
01/02/1997 00:00:00,160.5
01/03/1997 00:00:00,145.4
01/04/1997 00:00:00,150.3
01/05/1997 00:00:00,150.9
01/06/1997 00:00:00,138.3
01/07/1997 00:00:00,141.9
01/08/1997 00:00:00,139
01/09/1997 00:00:00,131.1
01/10/1997 00:00:00,121.6
01/11/1997 00:00:00,126.1
01/12/1997 00:00:00,117.8
01/13/1997 00:00:00,104
01/14/1997 00:00:00,88.66
01/15/1997 00:00:00,90.49
01/16/1997 00:00:00,94.15
01/17/1997 00:00:00,89.05
01/18/1997 00:00:00,69.04
01/19/1997 00:00:00,69.93
01/20/1997 00:00:00,77.24
01/21/1997 00:00:00,81.21
01/22/1997 00:00:00,80.99
01/23/1997 00:00:00,75.86
01/24/1997 00:00:00,75.74
01/25/1997 00:00:00,74.81
01/26/1997 00:00:00,74.77
01/27/1997 00:00:00,63.29
01/28/1997 00:00:00,68.24
01/29/1997 00:00:00,58.51
01/30/1997 00:00:00,48.68
01/31/1997 00:00:00,47.79
02/01/1997 00:00:00,42.24
02/02/1997 00:00:00,48.25
02/03/1997 00:00:00,46.73
02/04/1997 00:00:00,49.33
02/05/1997 00:00:00,39.38
02/06/1997 00:00:00,33.16
02/07/1997 00:00:00,36.53
02/08/1997 00:00:00,31.72
02/09/1997 00:00:00,33.98
02/10/1997 00:00:00,32.34
02/11/1997 00:00:00,98.31
02/12/1997 00:00:00,66.61
02/13/1997 00:00:00,65.35
02/14/1997 00:00:00,59.51
02/15/1997 00:00:00,51.44
02/16/1997 00:00:00,48.23
02/17/1997 00:00:00,48.3
02/18/1997 00:00:00,46.21
02/19/1997 00:00:00,44.18
02/20/1997 00:00:00,46.41
02/21/1997 00:00:00,44.91
02/22/1997 00:00:00,40.15
02/23/1997 00:00:00,41.82
02/24/1997 00:00:00,39.9
02/25/1997 00:00:00,37.78
02/26/1997 00:00:00,36.29
02/27/1997 00:00:00,33.78
02/28/1997 00:00:00,33.05
03/01/1997 00:00:00,32.64
03/02/1997 00:00:00,31.94
03/03/1997 00:00:00,31.89
03/04/1997 00:00:00,31.34
03/05/1997 00:00:00,31.15
03/06/1997 00:00:00,28.21
03/07/1997 00:00:00,22.15
03/08/1997 00:00:00,21.73
03/09/1997 00:00:00,19.15
03/10/1997 00:00:00,20.71
03/11/1997 00:00:00,20.83
03/12/1997 00:00:00,21.29
03/13/1997 00:00:00,20.39
03/14/1997 00:00:00,19.59
03/15/1997 00:00:00,16.64
03/16/1997 00:00:00,17.29
03/17/1997 00:00:00,18.76
03/18/1997 00:00:00,17.76
03/19/1997 00:00:00,16.46
03/20/1997 00:00:00,18.18
03/21/1997 00:00:00,14.83
03/22/1997 00:00:00,14.77
03/23/1997 00:00:00,16.04
03/24/1997 00:00:00,14.1
03/25/1997 00:00:00,15.18
03/26/1997 00:00:00,14.34
03/27/1997 00:00:00,14.3
03/28/1997 00:00:00,14.08
03/29/1997 00:00:00,13.11
03/30/1997 00:00:00,11.99
03/31/1997 00:00:00,11.86
04/01/1997 00:00:00,13.36
04/02/1997 00:00:00,13.15
04/03/1997 00:00:00,13.51
04/04/1997 00:00:00,13.51
04/05/1997 00:00:00,14.04
04/06/1997 00:00:00,13.71
04/07/1997 00:00:00,16.17
04/08/1997 00:00:00,21.13
04/09/1997 00:00:00,107.6
04/10/1997 00:00:00,69.17
04/11/1997 00:00:00,76.43
04/12/1997 00:00:00,84.33
04/13/1997 00:00:00,146.3
04/14/1997 00:00:00,91.49
04/15/1997 00:00:00,58.98
04/16/1997 00:00:00,38.15
04/17/1997 00:00:00,250.5
04/18/1997 00:00:00,165.7
04/19/1997 00:00:00,130.9
04/20/1997 00:00:00,103.9
04/21/1997 00:00:00,222.1
04/22/1997 00:00:00,152.7
04/23/1997 00:00:00,137.2
04/24/1997 00:00:00,125.9
04/25/1997 00:00:00,122.4
04/26/1997 00:00:00,171.6
04/27/1997 00:00:00,170.8
04/28/1997 00:00:00,161.3
04/29/1997 00:00:00,214.9
04/30/1997 00:00:00,187.3
05/01/1997 00:00:00,227.5
05/02/1997 00:00:00,208.9
05/03/1997 00:00:00,196.6
05/04/1997 00:00:00,193.8
05/05/1997 00:00:00,197
05/06/1997 00:00:00,200.9
05/07/1997 00:00:00,290.1
05/08/1997 00:00:00,273.6
05/09/1997 00:00:00,328.8
05/10/1997 00:00:00,281.3
05/11/1997 00:00:00,268.1
05/12/1997 00:00:00,263.3
05/13/1997 00:00:00,262.7
05/14/1997 00:00:00,261.9
05/15/1997 00:00:00,285.9
05/16/1997 00:00:00,277
05/17/1997 00:00:00,339
05/18/1997 00:00:00,543.4
05/19/1997 00:00:00,524
05/20/1997 00:00:00,434.8
05/21/1997 00:00:00,389.6
05/22/1997 00:00:00,385.7
05/23/1997 00:00:00,451
05/24/1997 00:00:00,417
05/25/1997 00:00:00,413
05/26/1997 00:00:00,567.5
05/27/1997 00:00:00,491.9
05/28/1997 00:00:00,445.2
05/29/1997 00:00:00,537.3
05/30/1997 00:00:00,899
05/31/1997 00:00:00,695.9
06/01/1997 00:00:00,573.9
06/02/1997 00:00:00,528.4
06/03/1997 00:00:00,496.7
06/04/1997 00:00:00,475.2
06/05/1997 00:00:00,464.1
06/06/1997 00:00:00,459.2
06/07/1997 00:00:00,457.8
06/08/1997 00:00:00,490.3
06/09/1997 00:00:00,476.5
06/10/1997 00:00:00,461.9
06/11/1997 00:00:00,442.7
06/12/1997 00:00:00,437
06/13/1997 00:00:00,434.2
06/14/1997 00:00:00,430.6
06/15/1997 00:00:00,435.7
06/16/1997 00:00:00,429.4
06/17/1997 00:00:00,476.3
06/18/1997 00:00:00,476.4
06/19/1997 00:00:00,518.7
06/20/1997 00:00:00,496.4
06/21/1997 00:00:00,486.1
06/22/1997 00:00:00,573.8
06/23/1997 00:00:00,558.3
06/24/1997 00:00:00,558
06/25/1997 00:00:00,545.8
06/26/1997 00:00:00,558.7
06/27/1997 00:00:00,587.9
06/28/1997 00:00:00,578.8
06/29/1997 00:00:00,576.1
06/30/1997 00:00:00,537.3
07/01/1997 00:00:00,514.7
07/02/1997 00:00:00,501.6
07/03/1997 00:00:00,500.8
07/04/1997 00:00:00,507.1
07/05/1997 00:00:00,498.4
07/06/1997 00:00:00,501.4
07/07/1997 00:00:00,566.3
07/08/1997 00:00:00,544.7
07/09/1997 00:00:00,620.3
07/10/1997 00:00:00,790.6
07/11/1997 00:00:00,728.6
07/12/1997 00:00:00,636.7
07/13/1997 00:00:00,715.1
07/14/1997 00:00:00,1143
07/15/1997 00:00:00,998.9
07/16/1997 00:00:00,865.5
07/17/1997 00:00:00,835
07/18/1997 00:00:00,826.4
07/19/1997 00:00:00,767.8
07/20/1997 00:00:00,732.8
07/21/1997 00:00:00,750.5
07/22/1997 00:00:00,762.2
07/23/1997 00:00:00,718.3
07/24/1997 00:00:00,723.4
07/25/1997 00:00:00,701.7
07/26/1997 00:00:00,661.6
07/27/1997 00:00:00,674.9
07/28/1997 00:00:00,1083
07/29/1997 00:00:00,1377
07/30/1997 00:00:00,1502
07/31/1997 00:00:00,1609
08/01/1997 00:00:00,1326
08/02/1997 00:00:00,1095
08/03/1997 00:00:00,1093
08/04/1997 00:00:00,1087
08/05/1997 00:00:00,1050
08/06/1997 00:00:00,948.8
08/07/1997 00:00:00,907.1
08/08/1997 00:00:00,881.1
08/09/1997 00:00:00,859.1
08/10/1997 00:00:00,825.3
08/11/1997 00:00:00,807.1
08/12/1997 00:00:00,804
08/13/1997 00:00:00,797.3
08/14/1997 00:00:00,796.2
08/15/1997 00:00:00,788.4
08/16/1997 00:00:00,787.2
08/17/1997 00:00:00,774.3
08/18/1997 00:00:00,756.3
08/19/1997 00:00:00,864.8
08/20/1997 00:00:00,1031
08/21/1997 00:00:00,974.2
08/22/1997 00:00:00,932.5
08/23/1997 00:00:00,956.9
08/24/1997 00:00:00,941.3
08/25/1997 00:00:00,909.8
08/26/1997 00:00:00,966.5
08/27/1997 00:00:00,900.3
08/28/1997 00:00:00,897.9
08/29/1997 00:00:00,1247
08/30/1997 00:00:00,1206
08/31/1997 00:00:00,1059
09/01/1997 00:00:00,972
09/02/1997 00:00:00,1013
09/03/1997 00:00:00,997.2
09/04/1997 00:00:00,938.9
09/05/1997 00:00:00,940
09/06/1997 00:00:00,938.3
09/07/1997 00:00:00,910
09/08/1997 00:00:00,912.4
09/09/1997 00:00:00,892
09/10/1997 00:00:00,955.5
09/11/1997 00:00:00,923.5
09/12/1997 00:00:00,902.9
09/13/1997 00:00:00,923.8
09/14/1997 00:00:00,942.8
09/15/1997 00:00:00,1138
09/16/1997 00:00:00,1136
09/17/1997 00:00:00,1233
09/18/1997 00:00:00,1224
09/19/1997 00:00:00,1378
09/20/1997 00:00:00,1585
09/21/1997 00:00:00,1989
09/22/1997 00:00:00,1539
09/23/1997 00:00:00,1387
09/24/1997 00:00:00,1236
09/25/1997 00:00:00,1172
09/26/1997 00:00:00,1264
09/27/1997 00:00:00,1181
09/28/1997 00:00:00,1176
09/29/1997 00:00:00,1142
09/30/1997 00:00:00,1171
10/01/1997 00:00:00,1140
10/02/1997 00:00:00,1147
10/03/1997 00:00:00,1153
10/04/1997 00:00:00,1168
10/05/1997 00:00:00,1135
10/06/1997 00:00:00,1294
10/07/1997 00:00:00,1222
10/08/1997 00:00:00,1147
10/09/1997 00:00:00,1105
10/10/1997 00:00:00,1087
10/11/1997 00:00:00,1079
10/12/1997 00:00:00,1183
10/13/1997 00:00:00,1122
10/14/1997 00:00:00,1050
10/15/1997 00:00:00,1007
10/16/1997 00:00:00,978.1
10/17/1997 00:00:00,967.6
10/18/1997 00:00:00,929.1
10/19/1997 00:00:00,920.6
10/20/1997 00:00:00,908.2
10/21/1997 00:00:00,881.8
10/22/1997 00:00:00,865
10/23/1997 00:00:00,847.8
10/24/1997 00:00:00,911.5
10/25/1997 00:00:00,900.6
10/26/1997 00:00:00,893.3
10/27/1997 00:00:00,907.2
10/28/1997 00:00:00,872.7
10/29/1997 00:00:00,906.8
10/30/1997 00:00:00,944.9
10/31/1997 00:00:00,890.9
11/01/1997 00:00:00,900.2
11/02/1997 00:00:00,843.6
11/03/1997 00:00:00,783.1
11/04/1997 00:00:00,752.3
11/05/1997 00:00:00,743.3
11/06/1997 00:00:00,746.9
11/07/1997 00:00:00,777
11/08/1997 00:00:00,742.4
11/09/1997 00:00:00,756.1
11/10/1997 00:00:00,720.1
11/11/1997 00:00:00,692.4
11/12/1997 00:00:00,668.4
11/13/1997 00:00:00,661.9
11/14/1997 00:00:00,650.6
11/15/1997 00:00:00,641.9
11/16/1997 00:00:00,631.5
11/17/1997 00:00:00,609.4
11/18/1997 00:00:00,588.7
11/19/1997 00:00:00,562.2
11/20/1997 00:00:00,561.9
11/21/1997 00:00:00,542.9
11/22/1997 00:00:00,532.6
11/23/1997 00:00:00,521.2
11/24/1997 00:00:00,501
11/25/1997 00:00:00,492.4
11/26/1997 00:00:00,480.4
11/27/1997 00:00:00,472
11/28/1997 00:00:00,457.7
11/29/1997 00:00:00,452
11/30/1997 00:00:00,450.2
12/01/1997 00:00:00,447.3
12/02/1997 00:00:00,432.8
12/03/1997 00:00:00,421.1
12/04/1997 00:00:00,380.7
12/05/1997 00:00:00,366.3
12/06/1997 00:00:00,365.8
12/07/1997 00:00:00,370
12/08/1997 00:00:00,359.8
12/09/1997 00:00:00,350
12/10/1997 00:00:00,338.1
12/11/1997 00:00:00,299.3
12/12/1997 00:00:00,266.1
12/13/1997 00:00:00,268.8
12/14/1997 00:00:00,269.5
12/15/1997 00:00:00,246.7
12/16/1997 00:00:00,247.9
12/17/1997 00:00:00,205.6
12/18/1997 00:00:00,207.7
12/19/1997 00:00:00,215.6
12/20/1997 00:00:00,212.4
12/21/1997 00:00:00,199
12/22/1997 00:00:00,202.8
12/23/1997 00:00:00,204.2
12/24/1997 00:00:00,183.1
12/25/1997 00:00:00,179.5
12/26/1997 00:00:00,169.7
12/27/1997 00:00:00,163.4
12/28/1997 00:00:00,145.1
12/29/1997 00:00:00,146.6
12/30/1997 00:00:00,143
12/31/1997 00:00:00,128.2
01/01/1998 00:00:00,137.1
01/02/1998 00:00:00,138.3
01/03/1998 00:00:00,130
01/04/1998 00:00:00,122.5
01/05/1998 00:00:00,113.2
01/06/1998 00:00:00,110.8
01/07/1998 00:00:00,98.58
01/08/1998 00:00:00,95.53
01/09/1998 00:00:00,80.65
01/10/1998 00:00:00,45.6
01/11/1998 00:00:00,63.17
01/12/1998 00:00:00,60.61
01/13/1998 00:00:00,58.78
01/14/1998 00:00:00,65.95
01/15/1998 00:00:00,61.33
01/16/1998 00:00:00,67.66
01/17/1998 00:00:00,61.75
01/18/1998 00:00:00,46.11
01/19/1998 00:00:00,50.94
01/20/1998 00:00:00,46.24
01/21/1998 00:00:00,37.74
01/22/1998 00:00:00,44.21
01/23/1998 00:00:00,41.11
01/24/1998 00:00:00,36.16
01/25/1998 00:00:00,33.23
01/26/1998 00:00:00,32.24
01/27/1998 00:00:00,32.12
01/28/1998 00:00:00,31.55
01/29/1998 00:00:00,32.04
01/30/1998 00:00:00,32.65
01/31/1998 00:00:00,29.15
02/01/1998 00:00:00,23.04
02/02/1998 00:00:00,24.13
02/03/1998 00:00:00,23.06
02/04/1998 00:00:00,25.39
02/05/1998 00:00:00,26.29
02/06/1998 00:00:00,30.42
02/07/1998 00:00:00,27.03
02/08/1998 00:00:00,28.94
02/09/1998 00:00:00,28.43
02/10/1998 00:00:00,30.96
02/11/1998 00:00:00,27.01
02/12/1998 00:00:00,32.38
02/13/1998 00:00:00,36.37
02/14/1998 00:00:00,45.15
02/15/1998 00:00:00,107.9
02/16/1998 00:00:00,90.64
02/17/1998 00:00:00,86.19
02/18/1998 00:00:00,71.96
02/19/1998 00:00:00,44.89
02/20/1998 00:00:00,50.2
02/21/1998 00:00:00,42.47
02/22/1998 00:00:00,41.62
02/23/1998 00:00:00,46.07
02/24/1998 00:00:00,50.06
02/25/1998 00:00:00,53.73
02/26/1998 00:00:00,54.21
02/27/1998 00:00:00,59.73
02/28/1998 00:00:00,59.67
03/01/1998 00:00:00,61.73
03/02/1998 00:00:00,64.02
03/03/1998 00:00:00,63.76
03/04/1998 00:00:00,65.07
03/05/1998 00:00:00,67.84
03/06/1998 00:00:00,66.92
03/07/1998 00:00:00,64.6
03/08/1998 00:00:00,57.43
03/09/1998 00:00:00,52.89
03/10/1998 00:00:00,51.93
03/11/1998 00:00:00,49.4
03/12/1998 00:00:00,51.57
03/13/1998 00:00:00,48.72
03/14/1998 00:00:00,56.08
03/15/1998 00:00:00,52.03
03/16/1998 00:00:00,53.08
03/17/1998 00:00:00,54.67
03/18/1998 00:00:00,196.1
03/19/1998 00:00:00,181.5
03/20/1998 00:00:00,113.1
03/21/1998 00:00:00,86.28
03/22/1998 00:00:00,79.6
03/23/1998 00:00:00,56.97
03/24/1998 00:00:00,53.56
03/25/1998 00:00:00,54.85
03/26/1998 00:00:00,56.84
03/27/1998 00:00:00,59.86
03/28/1998 00:00:00,60.03
03/29/1998 00:00:00,62.57
03/30/1998 00:00:00,57.23
03/31/1998 00:00:00,60.95
04/01/1998 00:00:00,63.49
04/02/1998 00:00:00,62.81
04/03/1998 00:00:00,67.97
04/04/1998 00:00:00,80.4
04/05/1998 00:00:00,79.47
04/06/1998 00:00:00,72
04/07/1998 00:00:00,123.5
04/08/1998 00:00:00,181.2
04/09/1998 00:00:00,145.5
04/10/1998 00:00:00,500.3
04/11/1998 00:00:00,347.4
04/12/1998 00:00:00,273.4
04/13/1998 00:00:00,237
04/14/1998 00:00:00,293
04/15/1998 00:00:00,251.7
04/16/1998 00:00:00,233
04/17/1998 00:00:00,248.8
04/18/1998 00:00:00,253.9
04/19/1998 00:00:00,245.5
04/20/1998 00:00:00,242
04/21/1998 00:00:00,244
04/22/1998 00:00:00,248.2
04/23/1998 00:00:00,251.4
04/24/1998 00:00:00,255.9
04/25/1998 00:00:00,260.8
04/26/1998 00:00:00,266.7
04/27/1998 00:00:00,282.3
04/28/1998 00:00:00,359.1
04/29/1998 00:00:00,693.1
04/30/1998 00:00:00,536.8
05/01/1998 00:00:00,440.6
05/02/1998 00:00:00,389.5
05/03/1998 00:00:00,371.1
05/04/1998 00:00:00,408
05/05/1998 00:00:00,384.3
05/06/1998 00:00:00,377.3
05/07/1998 00:00:00,372.5
05/08/1998 00:00:00,379.7
05/09/1998 00:00:00,380.5
05/10/1998 00:00:00,383.3
05/11/1998 00:00:00,385.1
05/12/1998 00:00:00,385.3
05/13/1998 00:00:00,389.2
05/14/1998 00:00:00,394.7
05/15/1998 00:00:00,409.1
05/16/1998 00:00:00,714.6
05/17/1998 00:00:00,873.3
05/18/1998 00:00:00,674.6
05/19/1998 00:00:00,557.5
05/20/1998 00:00:00,491.2
05/21/1998 00:00:00,453
05/22/1998 00:00:00,430.9
05/23/1998 00:00:00,425
05/24/1998 00:00:00,475.6
05/25/1998 00:00:00,444.5
05/26/1998 00:00:00,427
05/27/1998 00:00:00,427.8
05/28/1998 00:00:00,416.3
05/29/1998 00:00:00,425.7
05/30/1998 00:00:00,518.2
05/31/1998 00:00:00,550
06/01/1998 00:00:00,494.9
06/02/1998 00:00:00,475
06/03/1998 00:00:00,466.8
06/04/1998 00:00:00,500.9
06/05/1998 00:00:00,473.5
06/06/1998 00:00:00,459.5
06/07/1998 00:00:00,467.1
06/08/1998 00:00:00,422.6
06/09/1998 00:00:00,406.4
06/10/1998 00:00:00,382.3
06/11/1998 00:00:00,383.6
06/12/1998 00:00:00,629.3
06/13/1998 00:00:00,541.4
06/14/1998 00:00:00,495.1
06/15/1998 00:00:00,451.4
06/16/1998 00:00:00,641.7
06/17/1998 00:00:00,525.5
06/18/1998 00:00:00,574
06/19/1998 00:00:00,490.3
06/20/1998 00:00:00,585.5
06/21/1998 00:00:00,537.3
06/22/1998 00:00:00,487
06/23/1998 00:00:00,460.8
06/24/1998 00:00:00,422.2
06/25/1998 00:00:00,415.9
06/26/1998 00:00:00,393.2
06/27/1998 00:00:00,387.6
06/28/1998 00:00:00,408
06/29/1998 00:00:00,438.6
06/30/1998 00:00:00,471.8
07/01/1998 00:00:00,538.4
07/02/1998 00:00:00,484
07/03/1998 00:00:00,468.9
07/04/1998 00:00:00,516.9
07/05/1998 00:00:00,557.9
07/06/1998 00:00:00,560
07/07/1998 00:00:00,521.3
07/08/1998 00:00:00,672.4
07/09/1998 00:00:00,611.7
07/10/1998 00:00:00,560.4
07/11/1998 00:00:00,578.3
07/12/1998 00:00:00,552.3
07/13/1998 00:00:00,634.7
07/14/1998 00:00:00,597.1
07/15/1998 00:00:00,663.6
07/16/1998 00:00:00,679.4
07/17/1998 00:00:00,652.9
07/18/1998 00:00:00,650.1
07/19/1998 00:00:00,620.8
07/20/1998 00:00:00,664
07/21/1998 00:00:00,783.3
07/22/1998 00:00:00,740
07/23/1998 00:00:00,690.4
07/24/1998 00:00:00,884.2
07/25/1998 00:00:00,1064
07/26/1998 00:00:00,896
07/27/1998 00:00:00,820.3
07/28/1998 00:00:00,856.9
07/29/1998 00:00:00,808.9
07/30/1998 00:00:00,816.9
07/31/1998 00:00:00,794
08/01/1998 00:00:00,830
08/02/1998 00:00:00,909.7
08/03/1998 00:00:00,1020
08/04/1998 00:00:00,1066
08/05/1998 00:00:00,979
08/06/1998 00:00:00,961.7
08/07/1998 00:00:00,1099
08/08/1998 00:00:00,1150
08/09/1998 00:00:00,1057
08/10/1998 00:00:00,987.2
08/11/1998 00:00:00,989.3
08/12/1998 00:00:00,943.3
08/13/1998 00:00:00,925
08/14/1998 00:00:00,901.3
08/15/1998 00:00:00,887.9
08/16/1998 00:00:00,868.4
08/17/1998 00:00:00,901.8
08/18/1998 00:00:00,947
08/19/1998 00:00:00,1136
08/20/1998 00:00:00,1110
08/21/1998 00:00:00,1309
08/22/1998 00:00:00,1168
08/23/1998 00:00:00,1214
08/24/1998 00:00:00,1106
08/25/1998 00:00:00,1170
08/26/1998 00:00:00,1376
08/27/1998 00:00:00,1391
08/28/1998 00:00:00,1330
08/29/1998 00:00:00,1219
08/30/1998 00:00:00,1171
08/31/1998 00:00:00,1090
09/01/1998 00:00:00,1047
09/02/1998 00:00:00,1017
09/03/1998 00:00:00,1102
09/04/1998 00:00:00,1068
09/05/1998 00:00:00,996.6
09/06/1998 00:00:00,976.2
09/07/1998 00:00:00,927.1
09/08/1998 00:00:00,1003
09/09/1998 00:00:00,1266
09/10/1998 00:00:00,1127
09/11/1998 00:00:00,1037
09/12/1998 00:00:00,1002
09/13/1998 00:00:00,1008
09/14/1998 00:00:00,1471
09/15/1998 00:00:00,1427
09/16/1998 00:00:00,1283
09/17/1998 00:00:00,1198
09/18/1998 00:00:00,1158
09/19/1998 00:00:00,1194
09/20/1998 00:00:00,1830
09/21/1998 00:00:00,1570
09/22/1998 00:00:00,1395
09/23/1998 00:00:00,1325
09/24/1998 00:00:00,1308
09/25/1998 00:00:00,1198
09/26/1998 00:00:00,1286
09/27/1998 00:00:00,1180
09/28/1998 00:00:00,1145
09/29/1998 00:00:00,1094
09/30/1998 00:00:00,1231
10/01/1998 00:00:00,1313
10/02/1998 00:00:00,1198
10/03/1998 00:00:00,1146
10/04/1998 00:00:00,1182
10/05/1998 00:00:00,1290
10/06/1998 00:00:00,1300
10/07/1998 00:00:00,1351
10/08/1998 00:00:00,1288
10/09/1998 00:00:00,1224
10/10/1998 00:00:00,1203
10/11/1998 00:00:00,1154
10/12/1998 00:00:00,1170
10/13/1998 00:00:00,1174
10/14/1998 00:00:00,1141
10/15/1998 00:00:00,1206
10/16/1998 00:00:00,1167
10/17/1998 00:00:00,1218
10/18/1998 00:00:00,1179
10/19/1998 00:00:00,1214
10/20/1998 00:00:00,1173
10/21/1998 00:00:00,1161
10/22/1998 00:00:00,1117
10/23/1998 00:00:00,1105
10/24/1998 00:00:00,1086
10/25/1998 00:00:00,1071
10/26/1998 00:00:00,1041
10/27/1998 00:00:00,1072
10/28/1998 00:00:00,1034
10/29/1998 00:00:00,1023
10/30/1998 00:00:00,993.5
10/31/1998 00:00:00,1013
11/01/1998 00:00:00,964.1
11/02/1998 00:00:00,947
11/03/1998 00:00:00,947.9
11/04/1998 00:00:00,933.4
11/05/1998 00:00:00,917.7
11/06/1998 00:00:00,970.6
11/07/1998 00:00:00,1160
11/08/1998 00:00:00,1341
11/09/1998 00:00:00,1266
11/10/1998 00:00:00,1113
11/11/1998 00:00:00,1014
11/12/1998 00:00:00,948.1
11/13/1998 00:00:00,941.3
11/14/1998 00:00:00,1674
11/15/1998 00:00:00,1361
11/16/1998 00:00:00,1086
11/17/1998 00:00:00,985.4
11/18/1998 00:00:00,870.7
11/19/1998 00:00:00,810.2
11/20/1998 00:00:00,801.1
11/21/1998 00:00:00,769.8
11/22/1998 00:00:00,744
11/23/1998 00:00:00,736.6
11/24/1998 00:00:00,718.9
11/25/1998 00:00:00,696.1
11/26/1998 00:00:00,693
11/27/1998 00:00:00,684.8
11/28/1998 00:00:00,665.5
11/29/1998 00:00:00,626.6
11/30/1998 00:00:00,602.7
12/01/1998 00:00:00,654.8
12/02/1998 00:00:00,620.2
12/03/1998 00:00:00,596.2
12/04/1998 00:00:00,575
12/05/1998 00:00:00,553.9
12/06/1998 00:00:00,540.4
12/07/1998 00:00:00,525.5
12/08/1998 00:00:00,512.6
12/09/1998 00:00:00,513.1
12/10/1998 00:00:00,493.3
12/11/1998 00:00:00,483.7
12/12/1998 00:00:00,475.6
12/13/1998 00:00:00,472.6
12/14/1998 00:00:00,758.4
12/15/1998 00:00:00,628.1
12/16/1998 00:00:00,542.4
12/17/1998 00:00:00,485.3
12/18/1998 00:00:00,450.3
12/19/1998 00:00:00,418.7
12/20/1998 00:00:00,401.8
12/21/1998 00:00:00,392.3
12/22/1998 00:00:00,386.9
12/23/1998 00:00:00,377.4
12/24/1998 00:00:00,354.7
12/25/1998 00:00:00,343.6
12/26/1998 00:00:00,323.8
12/27/1998 00:00:00,306.3
12/28/1998 00:00:00,294.9
12/29/1998 00:00:00,265.9
12/30/1998 00:00:00,257.4
12/31/1998 00:00:00,254.4
01/01/1999 00:00:00,217.1
01/02/1999 00:00:00,226
01/03/1999 00:00:00,219.6
01/04/1999 00:00:00,222.9
01/05/1999 00:00:00,191.7
01/06/1999 00:00:00,199.9
01/07/1999 00:00:00,197
01/08/1999 00:00:00,183.9
01/09/1999 00:00:00,155.2
01/10/1999 00:00:00,152.3
01/11/1999 00:00:00,160.5
01/12/1999 00:00:00,162
01/13/1999 00:00:00,157.4
01/14/1999 00:00:00,149.7
01/15/1999 00:00:00,138.8
01/16/1999 00:00:00,119.5
01/17/1999 00:00:00,110.8
01/18/1999 00:00:00,114.9
01/19/1999 00:00:00,112.9
01/20/1999 00:00:00,109
01/21/1999 00:00:00,110.3
01/22/1999 00:00:00,110.9
01/23/1999 00:00:00,103.7
01/24/1999 00:00:00,79.05
01/25/1999 00:00:00,87.57
01/26/1999 00:00:00,85.31
01/27/1999 00:00:00,81.67
01/28/1999 00:00:00,85.47
01/29/1999 00:00:00,83.01
01/30/1999 00:00:00,79.97
01/31/1999 00:00:00,79.7
02/01/1999 00:00:00,76.78
02/02/1999 00:00:00,66.98
02/03/1999 00:00:00,56.06
02/04/1999 00:00:00,51.73
02/05/1999 00:00:00,51.38
02/06/1999 00:00:00,52.79
02/07/1999 00:00:00,51.04
02/08/1999 00:00:00,42.86
02/09/1999 00:00:00,44.92
02/10/1999 00:00:00,46.91
02/11/1999 00:00:00,47.65
02/12/1999 00:00:00,47.48
02/13/1999 00:00:00,41.46
02/14/1999 00:00:00,40.11
02/15/1999 00:00:00,36.68
02/16/1999 00:00:00,37.14
02/17/1999 00:00:00,37.87
02/18/1999 00:00:00,35.01
02/19/1999 00:00:00,29.84
02/20/1999 00:00:00,28.04
02/21/1999 00:00:00,27.99
02/22/1999 00:00:00,28.66
02/23/1999 00:00:00,28
02/24/1999 00:00:00,29.55
02/25/1999 00:00:00,22.95
02/26/1999 00:00:00,23.13
02/27/1999 00:00:00,21.5
02/28/1999 00:00:00,21.97
03/01/1999 00:00:00,21.95
03/02/1999 00:00:00,21.24
03/03/1999 00:00:00,21.23
03/04/1999 00:00:00,20.93
03/05/1999 00:00:00,20.46
03/06/1999 00:00:00,21.67
03/07/1999 00:00:00,21.23
03/08/1999 00:00:00,21.86
03/09/1999 00:00:00,20.2
03/10/1999 00:00:00,20.45
03/11/1999 00:00:00,28.35
03/12/1999 00:00:00,112.9
03/13/1999 00:00:00,160.4
03/14/1999 00:00:00,88.32
03/15/1999 00:00:00,62.91
03/16/1999 00:00:00,44.22
03/17/1999 00:00:00,37.06
03/18/1999 00:00:00,28.65
03/19/1999 00:00:00,25.29
03/20/1999 00:00:00,141.1
03/21/1999 00:00:00,86.04
03/22/1999 00:00:00,58.7
03/23/1999 00:00:00,42.83
03/24/1999 00:00:00,34.38
03/25/1999 00:00:00,30.6
03/26/1999 00:00:00,29.77
03/27/1999 00:00:00,28.21
03/28/1999 00:00:00,26.68
03/29/1999 00:00:00,26.65
03/30/1999 00:00:00,96.04
03/31/1999 00:00:00,61.1
04/01/1999 00:00:00,48.49
04/02/1999 00:00:00,40.37
04/03/1999 00:00:00,37.87
04/04/1999 00:00:00,73.44
04/05/1999 00:00:00,54.54
04/06/1999 00:00:00,50.96
04/07/1999 00:00:00,192.6
04/08/1999 00:00:00,121.5
04/09/1999 00:00:00,100.5
04/10/1999 00:00:00,78.24
04/11/1999 00:00:00,72.55
04/12/1999 00:00:00,73.17
04/13/1999 00:00:00,122
04/14/1999 00:00:00,121.8
04/15/1999 00:00:00,154.6
04/16/1999 00:00:00,610.5
04/17/1999 00:00:00,375.5
04/18/1999 00:00:00,289.7
04/19/1999 00:00:00,207.1
04/20/1999 00:00:00,165.2
04/21/1999 00:00:00,146.8
04/22/1999 00:00:00,159.1
04/23/1999 00:00:00,317.6
04/24/1999 00:00:00,244.9
04/25/1999 00:00:00,215
04/26/1999 00:00:00,240.8
04/27/1999 00:00:00,224.9
04/28/1999 00:00:00,461.1
04/29/1999 00:00:00,364.9
04/30/1999 00:00:00,452.5
05/01/1999 00:00:00,484
05/02/1999 00:00:00,480.3
05/03/1999 00:00:00,372.3
05/04/1999 00:00:00,416.7
05/05/1999 00:00:00,307.3
05/06/1999 00:00:00,256
05/07/1999 00:00:00,230.7
05/08/1999 00:00:00,217.1
05/09/1999 00:00:00,208.9
05/10/1999 00:00:00,206.3
05/11/1999 00:00:00,206.6
05/12/1999 00:00:00,205.6
05/13/1999 00:00:00,208.7
05/14/1999 00:00:00,210.5
05/15/1999 00:00:00,216
05/16/1999 00:00:00,264.8
05/17/1999 00:00:00,383
05/18/1999 00:00:00,446.1
05/19/1999 00:00:00,473.8
05/20/1999 00:00:00,418.4
05/21/1999 00:00:00,362.9
05/22/1999 00:00:00,348.7
05/23/1999 00:00:00,346.1
05/24/1999 00:00:00,411.1
05/25/1999 00:00:00,707.6
05/26/1999 00:00:00,573.7
05/27/1999 00:00:00,480.9
05/28/1999 00:00:00,449.5
05/29/1999 00:00:00,443.4
05/30/1999 00:00:00,523.5
05/31/1999 00:00:00,489.5
06/01/1999 00:00:00,475.3
06/02/1999 00:00:00,490.9
06/03/1999 00:00:00,520.8
06/04/1999 00:00:00,552.2
06/05/1999 00:00:00,574.2
06/06/1999 00:00:00,541
06/07/1999 00:00:00,517.6
06/08/1999 00:00:00,547.6
06/09/1999 00:00:00,613.6
06/10/1999 00:00:00,573.4
06/11/1999 00:00:00,549
06/12/1999 00:00:00,569.7
06/13/1999 00:00:00,549
06/14/1999 00:00:00,908.5
06/15/1999 00:00:00,1010
06/16/1999 00:00:00,896.7
06/17/1999 00:00:00,789.4
06/18/1999 00:00:00,786.3
06/19/1999 00:00:00,752.1
06/20/1999 00:00:00,691.4
06/21/1999 00:00:00,648.2
06/22/1999 00:00:00,642.4
06/23/1999 00:00:00,618.3
06/24/1999 00:00:00,619.4
06/25/1999 00:00:00,608.3
06/26/1999 00:00:00,605.1
06/27/1999 00:00:00,613.5
06/28/1999 00:00:00,714.5
06/29/1999 00:00:00,692.4
06/30/1999 00:00:00,690.5
07/01/1999 00:00:00,689.8
07/02/1999 00:00:00,732.7
07/03/1999 00:00:00,714
07/04/1999 00:00:00,664.8
07/05/1999 00:00:00,650.3
07/06/1999 00:00:00,743.2
07/07/1999 00:00:00,822
07/08/1999 00:00:00,737.2
07/09/1999 00:00:00,778.6
07/10/1999 00:00:00,731.9
07/11/1999 00:00:00,689.1
07/12/1999 00:00:00,664
07/13/1999 00:00:00,721
07/14/1999 00:00:00,743.6
07/15/1999 00:00:00,717.9
07/16/1999 00:00:00,858.8
07/17/1999 00:00:00,768.7
07/18/1999 00:00:00,748.8
07/19/1999 00:00:00,697.6
07/20/1999 00:00:00,666
07/21/1999 00:00:00,650.4
07/22/1999 00:00:00,659.1
07/23/1999 00:00:00,711.8
07/24/1999 00:00:00,805.1
07/25/1999 00:00:00,959.8
07/26/1999 00:00:00,811.9
07/27/1999 00:00:00,723.5
07/28/1999 00:00:00,765.4
07/29/1999 00:00:00,1220
07/30/1999 00:00:00,1354
07/31/1999 00:00:00,1149
08/01/1999 00:00:00,924.9
08/02/1999 00:00:00,789.1
08/03/1999 00:00:00,706.1
08/04/1999 00:00:00,656.6
08/05/1999 00:00:00,693.8
08/06/1999 00:00:00,686.3
08/07/1999 00:00:00,742.1
08/08/1999 00:00:00,665.2
08/09/1999 00:00:00,596
08/10/1999 00:00:00,561.5
08/11/1999 00:00:00,534.5
08/12/1999 00:00:00,520.5
08/13/1999 00:00:00,514.5
08/14/1999 00:00:00,508
08/15/1999 00:00:00,504.1
08/16/1999 00:00:00,498.1
08/17/1999 00:00:00,504.8
08/18/1999 00:00:00,531
08/19/1999 00:00:00,681.6
08/20/1999 00:00:00,653.5
08/21/1999 00:00:00,651
08/22/1999 00:00:00,616
08/23/1999 00:00:00,639.7
08/24/1999 00:00:00,595.6
08/25/1999 00:00:00,574.4
08/26/1999 00:00:00,631.7
08/27/1999 00:00:00,636
08/28/1999 00:00:00,642.7
08/29/1999 00:00:00,611.5
08/30/1999 00:00:00,587.9
08/31/1999 00:00:00,589.2
09/01/1999 00:00:00,617.7
09/02/1999 00:00:00,611
09/03/1999 00:00:00,742.5
09/04/1999 00:00:00,821.2
09/05/1999 00:00:00,761.9
09/06/1999 00:00:00,691.8
09/07/1999 00:00:00,655.5
09/08/1999 00:00:00,634.5
09/09/1999 00:00:00,597.3
09/10/1999 00:00:00,758.6
09/11/1999 00:00:00,725.9
09/12/1999 00:00:00,717.2
09/13/1999 00:00:00,666.7
09/14/1999 00:00:00,732.2
09/15/1999 00:00:00,1060
09/16/1999 00:00:00,1152
09/17/1999 00:00:00,958.7
09/18/1999 00:00:00,892.8
09/19/1999 00:00:00,2288
09/20/1999 00:00:00,1707
09/21/1999 00:00:00,1329
09/22/1999 00:00:00,1072
09/23/1999 00:00:00,913.3
09/24/1999 00:00:00,814.3
09/25/1999 00:00:00,905.9
09/26/1999 00:00:00,808.2
09/27/1999 00:00:00,803.5
09/28/1999 00:00:00,1119
09/29/1999 00:00:00,1095
09/30/1999 00:00:00,1074
10/01/1999 00:00:00,1119
10/02/1999 00:00:00,1281
10/03/1999 00:00:00,1191
10/04/1999 00:00:00,1040
10/05/1999 00:00:00,986.9
10/06/1999 00:00:00,995.2
10/07/1999 00:00:00,949
10/08/1999 00:00:00,894.8
10/09/1999 00:00:00,890.1
10/10/1999 00:00:00,993.8
10/11/1999 00:00:00,923.8
10/12/1999 00:00:00,965.6
10/13/1999 00:00:00,1025
10/14/1999 00:00:00,933.7
10/15/1999 00:00:00,930.9
10/16/1999 00:00:00,888.5
10/17/1999 00:00:00,860.1
10/18/1999 00:00:00,847.6
10/19/1999 00:00:00,838.1
10/20/1999 00:00:00,823.2
10/21/1999 00:00:00,812.8
10/22/1999 00:00:00,1070
10/23/1999 00:00:00,950
10/24/1999 00:00:00,925.1
10/25/1999 00:00:00,1157
10/26/1999 00:00:00,1255
10/27/1999 00:00:00,1190
10/28/1999 00:00:00,1084
10/29/1999 00:00:00,986
10/30/1999 00:00:00,926.3
10/31/1999 00:00:00,909.2
11/01/1999 00:00:00,878.4
11/02/1999 00:00:00,857.1
11/03/1999 00:00:00,844.2
11/04/1999 00:00:00,996.3
11/05/1999 00:00:00,1106
11/06/1999 00:00:00,1144
11/07/1999 00:00:00,1085
11/08/1999 00:00:00,1124
11/09/1999 00:00:00,1059
11/10/1999 00:00:00,1027
11/11/1999 00:00:00,931.1
11/12/1999 00:00:00,946.8
11/13/1999 00:00:00,975.4
11/14/1999 00:00:00,1055
11/15/1999 00:00:00,1583
11/16/1999 00:00:00,1268
11/17/1999 00:00:00,1091
11/18/1999 00:00:00,991.3
11/19/1999 00:00:00,940.8
11/20/1999 00:00:00,1240
11/21/1999 00:00:00,1111
11/22/1999 00:00:00,1001
11/23/1999 00:00:00,953.7
11/24/1999 00:00:00,917.7
11/25/1999 00:00:00,885.8
11/26/1999 00:00:00,859.5
11/27/1999 00:00:00,852.4
11/28/1999 00:00:00,852.6
11/29/1999 00:00:00,850.1
11/30/1999 00:00:00,829.8
12/01/1999 00:00:00,820.6
12/02/1999 00:00:00,811.6
12/03/1999 00:00:00,806.9
12/04/1999 00:00:00,822.2
12/05/1999 00:00:00,822.3
12/06/1999 00:00:00,802
12/07/1999 00:00:00,792
12/08/1999 00:00:00,770.5
12/09/1999 00:00:00,762.9
12/10/1999 00:00:00,753.6
12/11/1999 00:00:00,730.7
12/12/1999 00:00:00,735
12/13/1999 00:00:00,723.5
12/14/1999 00:00:00,728.2
12/15/1999 00:00:00,738
12/16/1999 00:00:00,695.6
12/17/1999 00:00:00,681
12/18/1999 00:00:00,664.5
12/19/1999 00:00:00,654.3
12/20/1999 00:00:00,645.9
12/21/1999 00:00:00,635.6
12/22/1999 00:00:00,625.7
12/23/1999 00:00:00,622.9
12/24/1999 00:00:00,650.6
12/25/1999 00:00:00,624.5
12/26/1999 00:00:00,598.3
12/27/1999 00:00:00,565.3
12/28/1999 00:00:00,548.7
12/29/1999 00:00:00,533.3
12/30/1999 00:00:00,513.8
12/31/1999 00:00:00,495.4
01/01/2000 00:00:00,494.3
01/02/2000 00:00:00,463.7
01/03/2000 00:00:00,451.2
01/04/2000 00:00:00,442.8
01/05/2000 00:00:00,400.4
01/06/2000 00:00:00,376.9
01/07/2000 00:00:00,366.9
01/08/2000 00:00:00,323.6
01/09/2000 00:00:00,286.6
01/10/2000 00:00:00,273.5
01/11/2000 00:00:00,268.5
01/12/2000 00:00:00,278.9
01/13/2000 00:00:00,274.1
01/14/2000 00:00:00,277.2
01/15/2000 00:00:00,276.6
01/16/2000 00:00:00,260.7
01/17/2000 00:00:00,254
01/18/2000 00:00:00,260.7
01/19/2000 00:00:00,267.1
01/20/2000 00:00:00,257.6
01/21/2000 00:00:00,236
01/22/2000 00:00:00,237.5
01/23/2000 00:00:00,238.8
01/24/2000 00:00:00,237
01/25/2000 00:00:00,216.4
01/26/2000 00:00:00,201.9
01/27/2000 00:00:00,153.9
01/28/2000 00:00:00,151.3
01/29/2000 00:00:00,158
01/30/2000 00:00:00,162.9
01/31/2000 00:00:00,154.7
02/01/2000 00:00:00,137.4
02/02/2000 00:00:00,122.6
02/03/2000 00:00:00,127.2
02/04/2000 00:00:00,123.1
02/05/2000 00:00:00,121.7
02/06/2000 00:00:00,130.1
02/07/2000 00:00:00,115.8
02/08/2000 00:00:00,101.9
02/09/2000 00:00:00,91.22
02/10/2000 00:00:00,89.06
02/11/2000 00:00:00,89.87
02/12/2000 00:00:00,387.5
02/13/2000 00:00:00,495.8
02/14/2000 00:00:00,425.7
02/15/2000 00:00:00,425.4
02/16/2000 00:00:00,268.3
02/17/2000 00:00:00,194.5
02/18/2000 00:00:00,145.4
02/19/2000 00:00:00,134.9
02/20/2000 00:00:00,126.4
02/21/2000 00:00:00,120.9
02/22/2000 00:00:00,112.9
02/23/2000 00:00:00,116.5
02/24/2000 00:00:00,106.7
02/25/2000 00:00:00,96.29
02/26/2000 00:00:00,87.9
02/27/2000 00:00:00,95.5
02/28/2000 00:00:00,96.62
02/29/2000 00:00:00,92.01
03/01/2000 00:00:00,82.25
03/02/2000 00:00:00,88.84
03/03/2000 00:00:00,143
03/04/2000 00:00:00,124.6
03/05/2000 00:00:00,118.1
03/06/2000 00:00:00,114.9
03/07/2000 00:00:00,118.1
03/08/2000 00:00:00,105.2
03/09/2000 00:00:00,107.3
03/10/2000 00:00:00,102.9
03/11/2000 00:00:00,106.8
03/12/2000 00:00:00,108.8
03/13/2000 00:00:00,212.7
03/14/2000 00:00:00,181.3
03/15/2000 00:00:00,162.5
03/16/2000 00:00:00,148.2
03/17/2000 00:00:00,142.4
03/18/2000 00:00:00,140.9
03/19/2000 00:00:00,139.3
03/20/2000 00:00:00,137.9
03/21/2000 00:00:00,127.8
03/22/2000 00:00:00,125.7
03/23/2000 00:00:00,125.4
03/24/2000 00:00:00,117.2
03/25/2000 00:00:00,106
03/26/2000 00:00:00,111.3
03/27/2000 00:00:00,108.3
03/28/2000 00:00:00,105
03/29/2000 00:00:00,109
03/30/2000 00:00:00,110.6
03/31/2000 00:00:00,112.7
04/01/2000 00:00:00,200.1
04/02/2000 00:00:00,197.9
04/03/2000 00:00:00,274.4
04/04/2000 00:00:00,260.3
04/05/2000 00:00:00,234.5
04/06/2000 00:00:00,217.3
04/07/2000 00:00:00,199
04/08/2000 00:00:00,210
04/09/2000 00:00:00,214.4
04/10/2000 00:00:00,271.9
04/11/2000 00:00:00,439.7
04/12/2000 00:00:00,341
04/13/2000 00:00:00,291.9
04/14/2000 00:00:00,272.6
04/15/2000 00:00:00,264.1
04/16/2000 00:00:00,262.4
04/17/2000 00:00:00,260.8
04/18/2000 00:00:00,259.9
04/19/2000 00:00:00,264.3
04/20/2000 00:00:00,277.1
04/21/2000 00:00:00,271.7
04/22/2000 00:00:00,280.8
04/23/2000 00:00:00,280.7
04/24/2000 00:00:00,279.7
04/25/2000 00:00:00,275.1
04/26/2000 00:00:00,276.3
04/27/2000 00:00:00,276
04/28/2000 00:00:00,294.7
04/29/2000 00:00:00,305.8
04/30/2000 00:00:00,300.5
05/01/2000 00:00:00,306.7
05/02/2000 00:00:00,305.5
05/03/2000 00:00:00,308.3
05/04/2000 00:00:00,327.1
05/05/2000 00:00:00,319.9
05/06/2000 00:00:00,318.2
05/07/2000 00:00:00,332.2
05/08/2000 00:00:00,351.6
05/09/2000 00:00:00,335.8
05/10/2000 00:00:00,321.7
05/11/2000 00:00:00,359.1
05/12/2000 00:00:00,372.6
05/13/2000 00:00:00,424.7
05/14/2000 00:00:00,448.5
05/15/2000 00:00:00,412
05/16/2000 00:00:00,376.1
05/17/2000 00:00:00,350.8
05/18/2000 00:00:00,311.4
05/19/2000 00:00:00,303.7
05/20/2000 00:00:00,304.2
05/21/2000 00:00:00,332.3
05/22/2000 00:00:00,326.2
05/23/2000 00:00:00,322.2
05/24/2000 00:00:00,357.8
05/25/2000 00:00:00,471.9
05/26/2000 00:00:00,435
05/27/2000 00:00:00,410.4
05/28/2000 00:00:00,468.4
05/29/2000 00:00:00,428.1
05/30/2000 00:00:00,472.7
05/31/2000 00:00:00,549.1
06/01/2000 00:00:00,537.2
06/02/2000 00:00:00,600.8
06/03/2000 00:00:00,743.6
06/04/2000 00:00:00,668
06/05/2000 00:00:00,643.2
06/06/2000 00:00:00,711.2
06/07/2000 00:00:00,785.8
06/08/2000 00:00:00,748
06/09/2000 00:00:00,695.1
06/10/2000 00:00:00,660.2
06/11/2000 00:00:00,643.9
06/12/2000 00:00:00,636.1
06/13/2000 00:00:00,635.8
06/14/2000 00:00:00,637.4
06/15/2000 00:00:00,644.1
06/16/2000 00:00:00,763.3
06/17/2000 00:00:00,731.1
06/18/2000 00:00:00,717.6
06/19/2000 00:00:00,777.3
06/20/2000 00:00:00,734.8
06/21/2000 00:00:00,709.7
06/22/2000 00:00:00,692.1
06/23/2000 00:00:00,684.8
06/24/2000 00:00:00,673.9
06/25/2000 00:00:00,667.6
06/26/2000 00:00:00,793.4
06/27/2000 00:00:00,754.9
06/28/2000 00:00:00,879.1
06/29/2000 00:00:00,861.1
06/30/2000 00:00:00,987.5
07/01/2000 00:00:00,880.9
07/02/2000 00:00:00,816.8
07/03/2000 00:00:00,847.4
07/04/2000 00:00:00,806.8
07/05/2000 00:00:00,1010
07/06/2000 00:00:00,1013
07/07/2000 00:00:00,908.7
07/08/2000 00:00:00,847.3
07/09/2000 00:00:00,807.4
07/10/2000 00:00:00,796.4
07/11/2000 00:00:00,785.1
07/12/2000 00:00:00,780
07/13/2000 00:00:00,953.8
07/14/2000 00:00:00,1464
07/15/2000 00:00:00,1305
07/16/2000 00:00:00,1123
07/17/2000 00:00:00,1085
07/18/2000 00:00:00,991.7
07/19/2000 00:00:00,958.4
07/20/2000 00:00:00,876.1
07/21/2000 00:00:00,1090
07/22/2000 00:00:00,972.6
07/23/2000 00:00:00,1034
07/24/2000 00:00:00,1119
07/25/2000 00:00:00,1207
07/26/2000 00:00:00,1253
07/27/2000 00:00:00,1107
07/28/2000 00:00:00,1507
07/29/2000 00:00:00,1284
07/30/2000 00:00:00,1237
07/31/2000 00:00:00,1153
08/01/2000 00:00:00,1147
08/02/2000 00:00:00,1139
08/03/2000 00:00:00,1200
08/04/2000 00:00:00,1257
08/05/2000 00:00:00,1202
08/06/2000 00:00:00,1212
08/07/2000 00:00:00,1176
08/08/2000 00:00:00,1129
08/09/2000 00:00:00,1084
08/10/2000 00:00:00,1062
08/11/2000 00:00:00,1038
08/12/2000 00:00:00,1042
08/13/2000 00:00:00,1040
08/14/2000 00:00:00,1034
08/15/2000 00:00:00,1016
08/16/2000 00:00:00,1013
08/17/2000 00:00:00,1019
08/18/2000 00:00:00,1060
08/19/2000 00:00:00,1477
08/20/2000 00:00:00,1490
08/21/2000 00:00:00,1684
08/22/2000 00:00:00,1621
08/23/2000 00:00:00,1610
08/24/2000 00:00:00,1536
08/25/2000 00:00:00,1388
08/26/2000 00:00:00,1290
08/27/2000 00:00:00,1210
08/28/2000 00:00:00,1196
08/29/2000 00:00:00,1276
08/30/2000 00:00:00,1325
08/31/2000 00:00:00,1249
09/01/2000 00:00:00,1255
09/02/2000 00:00:00,1225
09/03/2000 00:00:00,1233
09/04/2000 00:00:00,1213
09/05/2000 00:00:00,1178
09/06/2000 00:00:00,1147
09/07/2000 00:00:00,1157
09/08/2000 00:00:00,1211
09/09/2000 00:00:00,1180
09/10/2000 00:00:00,1243
09/11/2000 00:00:00,1221
09/12/2000 00:00:00,1180
09/13/2000 00:00:00,1196
09/14/2000 00:00:00,1169
09/15/2000 00:00:00,1478
09/16/2000 00:00:00,1476
09/17/2000 00:00:00,1329
09/18/2000 00:00:00,1372
09/19/2000 00:00:00,1457
09/20/2000 00:00:00,1638
09/21/2000 00:00:00,1560
09/22/2000 00:00:00,1389
09/23/2000 00:00:00,1267
09/24/2000 00:00:00,1186
09/25/2000 00:00:00,1205
09/26/2000 00:00:00,1269
09/27/2000 00:00:00,1183
09/28/2000 00:00:00,1040
09/29/2000 00:00:00,976.7
09/30/2000 00:00:00,932
10/01/2000 00:00:00,1026
10/02/2000 00:00:00,1111
10/03/2000 00:00:00,1009
10/04/2000 00:00:00,927.8
10/05/2000 00:00:00,931.5
10/06/2000 00:00:00,968.9
10/07/2000 00:00:00,1012
10/08/2000 00:00:00,979.7
10/09/2000 00:00:00,1129
10/10/2000 00:00:00,1789
10/11/2000 00:00:00,1726
10/12/2000 00:00:00,1428
10/13/2000 00:00:00,1306
10/14/2000 00:00:00,1163
10/15/2000 00:00:00,1206
10/16/2000 00:00:00,1147
10/17/2000 00:00:00,1058
10/18/2000 00:00:00,1033
10/19/2000 00:00:00,1036
10/20/2000 00:00:00,1080
10/21/2000 00:00:00,1022
10/22/2000 00:00:00,991.6
10/23/2000 00:00:00,976.3
10/24/2000 00:00:00,1112
10/25/2000 00:00:00,1111
10/26/2000 00:00:00,1102
10/27/2000 00:00:00,1065
10/28/2000 00:00:00,1020
10/29/2000 00:00:00,1036
10/30/2000 00:00:00,1080
10/31/2000 00:00:00,1012
11/01/2000 00:00:00,1006
11/02/2000 00:00:00,959
11/03/2000 00:00:00,930.3
11/04/2000 00:00:00,939.2
11/05/2000 00:00:00,888.3
11/06/2000 00:00:00,867.2
11/07/2000 00:00:00,848.2
11/08/2000 00:00:00,842.2
11/09/2000 00:00:00,788.1
11/10/2000 00:00:00,726.3
11/11/2000 00:00:00,696.9
11/12/2000 00:00:00,670.2
11/13/2000 00:00:00,745.6
11/14/2000 00:00:00,721.2
11/15/2000 00:00:00,664.9
11/16/2000 00:00:00,705.1
11/17/2000 00:00:00,842
11/18/2000 00:00:00,759.6
11/19/2000 00:00:00,711.3
11/20/2000 00:00:00,666.1
11/21/2000 00:00:00,630.6
11/22/2000 00:00:00,596.3
11/23/2000 00:00:00,596.7
11/24/2000 00:00:00,602.7
11/25/2000 00:00:00,594.4
11/26/2000 00:00:00,615.6
11/27/2000 00:00:00,594.7
11/28/2000 00:00:00,557.9
11/29/2000 00:00:00,555.6
11/30/2000 00:00:00,557.6
12/01/2000 00:00:00,543.2
12/02/2000 00:00:00,515.4
12/03/2000 00:00:00,516.8
12/04/2000 00:00:00,496.3
12/05/2000 00:00:00,502.2
12/06/2000 00:00:00,507
12/07/2000 00:00:00,511.3
12/08/2000 00:00:00,507.9
12/09/2000 00:00:00,503.1
12/10/2000 00:00:00,467.7
12/11/2000 00:00:00,445.8
12/12/2000 00:00:00,461.6
12/13/2000 00:00:00,524.4
12/14/2000 00:00:00,450.6
12/15/2000 00:00:00,431.9
12/16/2000 00:00:00,413.4
12/17/2000 00:00:00,380.3
12/18/2000 00:00:00,367.5
12/19/2000 00:00:00,358.7
12/20/2000 00:00:00,361.9
12/21/2000 00:00:00,348.3
12/22/2000 00:00:00,315.9
12/23/2000 00:00:00,296.1
12/24/2000 00:00:00,289.8
12/25/2000 00:00:00,295.7
12/26/2000 00:00:00,300.8
12/27/2000 00:00:00,293.6
12/28/2000 00:00:00,270.2
12/29/2000 00:00:00,277.6
12/30/2000 00:00:00,242.4
12/31/2000 00:00:00,231
